,Name,Value,G,Value/G,IP,Value/IP,BF,Value/BF
1,Lance Lynn,54.24233954428724,33.0,1.6437072589177952,208.1,0.26023831542117665,875.0,0.061991245193471135
2,Justin Verlander,53.363424196129905,34.0,1.5695124763567618,223.0,0.23929786635035832,847.0,0.06300286209696565
3,Jacob deGrom,53.056769469417,32.0,1.6580240459192812,204.0,0.26008220328145587,804.0,0.06599100680275746
4,Gerrit Cole,52.858438577480555,33.0,1.6017708659842593,212.1,0.2488236556291255,817.0,0.06469821123314634
5,Charlie Morton,47.85076391233878,33.0,1.450023148858751,194.2,0.24555643471949432,790.0,0.060570587230808576
6,Stephen Strasburg,47.71595188445597,33.0,1.445937935892605,209.0,0.22830598987777975,841.0,0.05673716038579782
7,Noah Syndergaard,47.236313150262724,32.0,1.4761347859457101,197.2,0.23872799772706907,824.0,0.05732562275517321
8,Max Scherzer,46.88296445893712,27.0,1.7364060910717452,172.1,0.27189037961881185,693.0,0.06765218536643162
9,Luis Castillo,37.558403694606945,32.0,1.173700115456467,190.2,0.19677822403740983,780.0,0.04815179960847044
10,Walker Buehler,37.24428329509809,30.0,1.2414761098366032,182.1,0.2041528410109525,737.0,0.05053498411817923
11,Zack Greinke,37.178612547621135,33.0,1.126624622655186,208.2,0.17800165598924902,810.0,0.0458995216637298
12,Hyun-Jin Ryu,35.943265365314964,29.0,1.2394229436315505,182.2,0.19655449525327182,723.0,0.049714059979688745
13,Eduardo Rodriguez,35.33413385099299,34.0,1.0392392309115586,203.1,0.17368900795179254,859.0,0.04113403242257624
14,Liam Hendriks,35.11748133047716,75.0,0.46823308440636213,85.0,0.4131468391820843,332.0,0.10577554617613603
15,Patrick Corbin,34.6727794717384,33.0,1.0506902870223758,202.0,0.17164742312741782,835.0,0.04152428679250108
16,Shane Bieber,33.16061457319781,34.0,0.9753121933293474,214.1,0.15464300282853016,859.0,0.03860374222723843
17,Jack Flaherty,33.00309267672031,33.0,1.0000937174763729,196.1,0.16801167152581187,772.0,0.04275012004756516
18,Sonny Gray,32.518726904441316,31.0,1.0489911904658489,175.1,0.18536230422444225,708.0,0.045930405232261745
19,Mike Minor,31.957283676268368,32.0,0.9986651148833865,208.1,0.15332136738974111,863.0,0.03703045617180575
20,Kenta Maeda,31.304592387053823,37.0,0.8460700645149682,153.2,0.20345272348605178,624.0,0.050167616004893945
21,Marco Gonzales,31.049670709470792,34.0,0.9132256091020822,203.0,0.152954042903797,866.0,0.03585412322109791
22,Aaron Nola,29.916926963514136,34.0,0.8799096165739452,202.1,0.14778656494408435,852.0,0.03511376404168326
23,Mike Clevinger,29.593068303585085,21.0,1.409193728742147,126.0,0.23486562145702447,499.0,0.05930474609936891
24,Kyle Hendricks,29.343934910851683,30.0,0.9781311636950561,177.0,0.16578494299916205,730.0,0.04019717111075573
25,Marcus Stroman,28.97896490684306,32.0,0.9055926533388456,184.1,0.1571243352982635,774.0,0.03744052313545615
26,Dylan Bundy,28.095974388461805,30.0,0.9365324796153935,161.2,0.17357480058769653,700.0,0.04013710626923115
27,Anthony DeSclafani,27.83671406881455,31.0,0.8979585183488565,166.2,0.1668201002925363,696.0,0.03999527883450366
28,Martin Perez,27.221944553719766,32.0,0.8506857673037427,165.1,0.16454933238194502,737.0,0.03693615271875138
29,Mike Soroka,27.00051768467493,29.0,0.9310523339543079,174.2,0.15440631539082122,701.0,0.038517143630064095
30,Chris Sale,26.814833283886443,25.0,1.0725933313554576,147.1,0.18187768449391667,612.0,0.043815087065173924
31,Zach Eflin,26.495005211780505,32.0,0.8279689128681408,163.1,0.16211506350263416,705.0,0.03758156767628441
32,Yu Darvish,26.408349531550243,31.0,0.8518822429532337,178.2,0.14764265485398947,731.0,0.036126333148495546
33,Zack Wheeler,26.406665479354924,31.0,0.8518279186888685,196.0,0.1347278850987496,828.0,0.031892108066853775
34,Trevor Bauer,26.395319051847657,34.0,0.7763329132896369,213.0,0.12392168568942562,911.0,0.02897400554538711
35,Josh Hader,26.350182993360814,61.0,0.431970213005915,75.2,0.347322271441487,289.0,0.09117710378325541
36,Joey Lucchesi,26.011058684729516,30.0,0.8670352894909839,163.2,0.15873306764480996,686.0,0.03791699516724419
37,Clayton Kershaw,25.92799621142849,29.0,0.8940688348768444,178.1,0.14530915119425644,706.0,0.03672520709834064
38,Max Fried,25.30434571551726,33.0,0.7667983550156746,165.2,0.15255835439419574,702.0,0.03604607651783086
39,Matthew Boyd,25.27712246596592,32.0,0.789910077061435,185.1,0.136313800823113,788.0,0.03207756658117503
40,Blake Snell,25.276092293687732,23.0,1.0989605345081623,107.0,0.23622516162324983,441.0,0.057315402026502794
41,Josh James,25.13064764777632,49.0,0.5128703601587005,61.1,0.40907185536260965,266.0,0.09447611897660271
42,Sandy Alcantara,25.064907379267023,32.0,0.7832783556020945,197.1,0.12695377703495034,838.0,0.02991039066738308
43,Emilio Pagan,25.05961893146981,66.0,0.37969119593136075,70.0,0.35799455616385445,267.0,0.0938562506796622
44,Adam Ottavino,24.954280845659927,73.0,0.34183946363917705,66.1,0.37562891388349123,283.0,0.08817767083272059
45,Jose Berrios,24.619078446173816,32.0,0.7693462014429318,200.1,0.12282926216284959,842.0,0.029238810506144675
46,Aaron Bummer,24.505509498458895,58.0,0.42250878445618784,67.2,0.3610831458515554,263.0,0.09317684219946348
47,Craig Stammen,24.177690537971927,76.0,0.318127507078578,82.0,0.29484988460941375,339.0,0.07132062105596439
48,Chris Paddack,24.096944420067018,26.0,0.9268055546179622,140.2,0.1710620758641767,568.0,0.0424241979226532
49,Anibal Sanchez,24.01814592357925,30.0,0.8006048641193083,166.0,0.14468762604565813,712.0,0.03373335101626299
50,Eric Lauer,23.312977960999813,30.0,0.7770992653666604,149.2,0.1555581269639668,651.0,0.035811026053763156
51,Kirby Yates,23.23131543888808,60.0,0.38718859064813466,60.2,0.3816755000912608,243.0,0.09560212114768757
52,Matt Andriese,23.187387575356833,54.0,0.42939606621031173,70.2,0.32719737876797034,310.0,0.07479802443663494
53,Ross Stripling,23.07781413653067,32.0,0.7211816917665834,90.2,0.25397447692440206,370.0,0.06237247063927208
54,Frankie Montas,22.922594109776234,16.0,1.4326621318610147,96.0,0.23877702197683578,394.0,0.058179172867452375
55,Chris Bassitt,22.922393051696265,28.0,0.818656894703438,144.0,0.15918328508122406,612.0,0.03745489060734684
56,Julio Teheran,22.664596873354487,33.0,0.6868059658592269,174.2,0.12961073316824911,754.0,0.03005914704688924
57,Spencer Turnbull,22.506530984536575,30.0,0.7502176994845525,148.1,0.1516272017821912,656.0,0.03430873625691551
58,Seth Lugo,22.50099017541739,61.0,0.36886869140028505,80.0,0.28126237719271735,314.0,0.07165920438031016
59,Taylor Rogers,22.452966024407473,60.0,0.3742161004067912,69.0,0.3254053047015576,278.0,0.0807660648359981
60,Jake Odorizzi,22.27513710290767,30.0,0.7425045700969224,159.0,0.14009520190507968,658.0,0.03385279194970771
61,James Paxton,22.222764519933225,29.0,0.7663022248252837,150.2,0.14730069279672933,633.0,0.035107052954080925
62,Masahiro Tanaka,22.21585780471061,32.0,0.6942455563972065,182.0,0.12206515277313522,759.0,0.029269904881041645
63,Pedro Baez,22.207126899202656,71.0,0.3127764352000374,69.2,0.3178500987481296,276.0,0.080460604707256
64,Joe Musgrove,22.042248509879872,32.0,0.688820265933746,170.1,0.12933061906833487,718.0,0.03069951045944272
65,Wilmer Font,22.02325208440385,48.0,0.45881775175841355,84.1,0.26083598994556484,357.0,0.06168978174903039
66,Luke Jackson,21.848715901334955,70.0,0.3121245128762136,72.2,0.2998451404574788,315.0,0.0693610028613808
67,Giovanny Gallegos,21.8102199976194,66.0,0.3304578787518091,74.0,0.2947327026705324,279.0,0.07817283153268602
68,Jordan Lyles,21.734325387120887,28.0,0.7762259066828888,141.0,0.15414415168170842,599.0,0.03628434956113671
69,Adrian Houser,21.485003171596727,35.0,0.6138572334741922,111.1,0.1928058914591391,462.0,0.04650433586925699
70,Marcus Walden,21.361348957625584,70.0,0.3051621279660798,78.0,0.273863448174687,327.0,0.06532522617010882
71,Wade Miley,20.890716594219693,33.0,0.6330520180066573,167.1,0.12477035592804915,720.0,0.02901488415863846
72,Lucas Giolito,20.83965627038232,29.0,0.7186088369097352,176.2,0.11782692953476627,705.0,0.029559796128201872
73,Luis Cessa,20.755837445631233,43.0,0.4826938940844473,81.0,0.25624490673618805,343.0,0.060512645614085224
74,Noe Ramirez,20.41198817922597,51.0,0.40023506233776407,67.2,0.30076603407503877,280.0,0.07289995778294989
75,Michael Lorenzen,20.34105621251364,73.0,0.2786446056508718,83.1,0.2438001144128683,343.0,0.05930337088196396
76,Cole Hamels,20.319208227367415,27.0,0.7525632676802746,141.2,0.1432275016026839,617.0,0.03293226617077377
77,Robert Stephenson,20.293407762798754,57.0,0.3560246975929606,64.2,0.3128480127872367,262.0,0.07745575481984257
78,Jose Leclerc,19.885305726840606,70.0,0.28407579609772293,68.2,0.2887508091990407,299.0,0.06650603922020269
79,Miguel Castro,19.751304494109906,65.0,0.3038662229863062,73.1,0.26896919420031656,319.0,0.0619163150285577
80,Zac Gallen,19.668415678503383,15.0,1.3112277119002256,80.0,0.2458551959812923,334.0,0.05888747209132749
81,Robbie Ray,19.413953489129806,33.0,0.5883016208827214,174.1,0.11129726823502661,747.0,0.02598922823176681
82,Yusmeiro Petit,19.089977556529938,80.0,0.23862471945662422,83.0,0.22999972959674625,308.0,0.06198044661211019
83,Ryan Yarbrough,19.00291488086961,28.0,0.678675531459629,141.2,0.1339491180512426,563.0,0.033752957159626305
84,Matt Barnes,18.78211844620033,70.0,0.2683159778028618,64.1,0.2914969236347698,285.0,0.06590216998666781
85,Zack Britton,18.68726232985779,66.0,0.28314033833117863,61.1,0.304187666790957,244.0,0.07658714069613849
86,Scott Barlow,18.68461063364436,61.0,0.3063050923548256,70.1,0.26528079460924325,310.0,0.06027293752788503
87,Jake Diekman,18.574608606852674,76.0,0.24440274482700888,62.0,0.2995904614008496,282.0,0.06586740640727899
88,Mark Melancon,18.55069107365057,66.0,0.2810710768734935,67.1,0.27509675344019635,284.0,0.06531933476637525
89,Tyler Duffey,18.546171966853493,58.0,0.319761585635405,57.2,0.32049836348249117,238.0,0.07792509229770375
90,John Means,18.449469484325945,31.0,0.5951441769137402,155.0,0.11902883538274803,637.0,0.02896306041495439
91,Michael Pineda,18.20844263352638,26.0,0.7003247166740916,146.0,0.12471536050360535,600.0,0.030347404389210634
92,Chase Anderson,18.199658484521493,32.0,0.5687393276412966,139.0,0.13093279485267262,592.0,0.030742666358989007
93,Rick Porcello,18.196609121178124,32.0,0.5686440350368164,174.1,0.10431841651735979,768.0,0.023693501459867348
94,Roberto Osuna,18.154117386471043,66.0,0.27506238464350063,65.0,0.27929411363801604,253.0,0.07175540468960886
95,John Brebbia,18.12644386361547,66.0,0.27464308884265864,72.2,0.24876180965620498,304.0,0.05962646007768247
96,Felipe Vazquez,18.079753242534593,56.0,0.322852736473832,60.0,0.3013292207089099,236.0,0.07660912390904488
97,Freddy Peralta,17.784346310896627,39.0,0.45600887976658017,85.0,0.20922760365760737,382.0,0.046555880395017346
98,German Marquez,17.698027691843457,28.0,0.6320724175658378,174.0,0.10171280282668653,721.0,0.024546501653042244
99,Lou Trivino,17.662013336005362,61.0,0.2895412022295961,60.0,0.2943668889334227,269.0,0.06565804214128387
100,Brandon Workman,17.647226835108196,73.0,0.2417428333576465,71.2,0.24555510438462236,286.0,0.06170359033254614
101,David Price,17.61553698595337,22.0,0.8007062266342441,107.1,0.16396714538585205,458.0,0.038461871148369804
102,Jon Lester,17.608681724464898,31.0,0.5680219911117709,171.2,0.10245547938982683,764.0,0.023048012728357197
103,Griffin Canning,17.540138356601133,18.0,0.9744521309222852,90.1,0.1939565612598725,384.0,0.04567744363698212
104,Tyler Glasnow,17.443378376344953,12.0,1.4536148646954128,60.2,0.2865834344415928,230.0,0.07584077554932588
105,Jose Quintana,17.029810921280625,32.0,0.5321815912900195,171.0,0.09958953755134868,745.0,0.022858806605745803
106,Jason Vargas,16.994251234929695,30.0,0.5664750411643232,149.2,0.11339580450353448,649.0,0.026185286956748374
107,Steven Matz,16.99236390504975,32.0,0.5310113720328047,160.1,0.10591542014367185,691.0,0.024590975260564037
108,Francisco Liriano,16.901827937572023,69.0,0.24495402808075395,70.0,0.24145468482245747,302.0,0.055966317674079544
109,Aroldis Chapman,16.887325797418715,60.0,0.2814554299569786,57.0,0.29626887363892485,235.0,0.07186096084007963
110,Kenley Jansen,16.84706771874225,62.0,0.2717268986893911,63.0,0.267413773313369,263.0,0.06405729170624429
111,Julio Urias,16.556512843432532,37.0,0.44747332009277113,79.2,0.20730191373246074,326.0,0.05078684921298323
112,Yimi Garcia,16.5544037903877,64.0,0.2586625592248078,62.1,0.26515329082308114,247.0,0.06702187769387732
113,Nick Anderson,16.47256366513625,68.0,0.24224358331082718,65.0,0.2534240563867115,264.0,0.06239607448915246
114,Tanner Roark,16.446833409019423,31.0,0.530543013194175,165.1,0.0994166839150882,722.0,0.022779547657921638
115,Brad Keller,16.42683071042766,28.0,0.5866725253724164,165.1,0.09929577298263749,709.0,0.023169013695948742
116,Robert Gsellman,16.42053042752047,52.0,0.31577943129847064,63.2,0.25710642631817016,278.0,0.05906665621410242
117,Ken Giles,16.348933453383175,53.0,0.30847044251666367,53.0,0.30847044251666367,208.0,0.07860064160280372
118,Daniel Hudson,16.15827318116996,69.0,0.234177872190869,73.0,0.22134620796123233,304.0,0.05315221441174329
119,Adam Wainwright,16.13550637982352,31.0,0.5205002058007587,171.2,0.09388386179106008,745.0,0.021658397825266473
120,Rich Hill,16.096452855568458,13.0,1.2381886811975737,58.2,0.2734391764819103,242.0,0.06651426799821678
121,Will Smith,16.02524243172373,63.0,0.25436892748767825,65.1,0.24490946151386248,257.0,0.06235502891721295
122,Hansel Robles,15.907936154329525,71.0,0.22405543879337358,72.2,0.21831568372821852,283.0,0.056211788531199736
123,Brandon Woodruff,15.846885611265275,22.0,0.7203129823302398,121.2,0.13003461934845684,493.0,0.032143784201349446
124,Ryan Pressly,15.647327276983237,55.0,0.2844968595815134,54.1,0.28745855377189045,211.0,0.07415794918001534
125,Jairo Diaz,15.604400446084778,56.0,0.2786500079657996,57.2,0.2696612980314189,245.0,0.06369143039218277
126,Hector Neris,15.59267189987514,68.0,0.2293039985275756,67.2,0.22975449754236452,275.0,0.05670062509045506
127,Kyle Gibson,15.427872220866412,34.0,0.45376094767254155,160.0,0.09642420138041508,706.0,0.021852510227856108
128,Buck Farmer,15.427320690862159,73.0,0.2113331601487967,67.2,0.2273180848358864,288.0,0.05356708573216027
129,Diego Castillo,15.422201353426376,65.0,0.23726463620655963,68.2,0.2239429044544004,290.0,0.0531800046669875
130,Jon Gray,15.263027061585952,26.0,0.5870395023686904,150.0,0.10175351374390634,637.0,0.02396079601504859
131,Madison Bumgarner,15.242912036438101,34.0,0.4483209422481794,207.2,0.0733302375069184,844.0,0.01806032231805462
132,Edwin Diaz,15.090545736458811,66.0,0.22864463237058805,58.0,0.2601818230423933,254.0,0.05941159738763312
133,Aaron Civale,14.919701266683388,10.0,1.4919701266683387,57.2,0.25782893894038106,227.0,0.06572555624089599
134,Ian Kennedy,14.917430245449752,63.0,0.23678460707063098,63.1,0.23516705589253417,266.0,0.05608056483251787
135,Adam Kolarek,14.827239014314253,80.0,0.18534048767892816,55.0,0.26958616389662277,229.0,0.06474776862145962
136,Reynaldo Lopez,14.732485422166782,33.0,0.4464389521868722,184.0,0.08006785555525425,809.0,0.01821073599773397
137,Kyle Ryan,14.624760294223288,73.0,0.20033918211264778,61.0,0.2397501687577588,260.0,0.05624907805470495
138,Tyler Clippard,14.613199506930158,53.0,0.27572074541377656,62.0,0.235696766240809,241.0,0.06063568260136995
139,Colten Brewer,14.549358489224973,58.0,0.2508510084349133,54.2,0.2651766431815,252.0,0.05773554956041656
140,Trent Thornton,14.548354729200279,32.0,0.4546360852875087,154.1,0.09420475758169834,676.0,0.021521234806509287
141,Sergio Romo,14.458950281884297,65.0,0.22244538895206611,60.1,0.23925455513322055,249.0,0.058068073421222076
142,Nick Goody,14.42531711794882,39.0,0.3698799261012518,40.2,0.35298492132011783,172.0,0.08386812277877222
143,Derek Law,14.343147160312903,58.0,0.24729564069505006,60.2,0.2356486389974737,285.0,0.05032683214144878
144,Dallas Keuchel,14.342804105970755,19.0,0.7548844266300397,112.2,0.12707741381545262,487.0,0.029451343133410173
145,Will Harris,14.214374927835614,68.0,0.20903492540934726,60.0,0.23690624879726024,229.0,0.062071506235090015
146,Ty Buttrey,14.0703749575181,72.0,0.1954218744099736,72.1,0.19425276057319057,309.0,0.045535194037275406
147,Trevor Richards,13.894445005110814,30.0,0.46314816683702714,135.1,0.10259250557551673,580.0,0.023955939663984162
148,Junior Guerra,13.864658245704158,72.0,0.1925646978570022,83.2,0.16531786461491443,344.0,0.040304239086349294
149,Elieser Hernandez,13.750083516061654,21.0,0.6547658817172216,82.1,0.16680246885638889,353.0,0.03895207794918316
150,Framber Valdez,13.496619344668131,26.0,0.5191007440256974,70.2,0.19045088444969138,329.0,0.04102315910233475
151,Daniel Norris,13.48670958460882,32.0,0.4214596745190256,144.1,0.09337671071734702,610.0,0.022109359974768556
152,Tommy Kahnle,13.468063640464116,72.0,0.1870564394508905,61.1,0.21923055301894925,248.0,0.054306708227677886
153,Justin Wilson,13.295104410354659,45.0,0.295446764674548,39.0,0.3409001130860169,166.0,0.08009099042382324
154,Jeff Samardzija,13.278748421056129,32.0,0.414960888158004,181.1,0.07318803098138599,740.0,0.017944254623048824
155,Carlos Estevez,13.22366620424328,71.0,0.18624881977807436,72.0,0.18366203061449,308.0,0.04293398118260805
156,Brad Hand,13.11693324564884,60.0,0.21861555409414732,57.1,0.22838537282035123,242.0,0.05420220349441669
157,Cam Bedrosian,13.077609639001421,59.0,0.22165440066104103,61.1,0.21287481778081532,258.0,0.05068840945349388
158,Brad Peacock,13.065735894766485,23.0,0.5680754736854994,91.2,0.14222499159760324,383.0,0.034114192936727114
159,Sean Doolittle,13.009745019076234,63.0,0.20650388919168627,60.0,0.21682908365127057,260.0,0.0500374808426009
160,Oliver Perez,12.982049088863745,67.0,0.19376192669945888,40.2,0.31766841163614373,173.0,0.07504074617840314
161,Trevor May,12.828931977512761,65.0,0.1973681842694271,64.1,0.19910396240319864,266.0,0.04822906758463444
162,Joe Kelly,12.744897167381438,55.0,0.2317254030432989,51.1,0.24779450098602923,226.0,0.05639335029814796
163,Luis Perdomo,12.706938997739817,47.0,0.2703604042072302,72.0,0.17648526385749747,296.0,0.04292884796533722
164,Chris Devenski,12.681619681986152,61.0,0.20789540462272382,69.0,0.1837915895940022,298.0,0.04255577074491997
165,Tim Hill,12.608700315852289,46.0,0.2741021807793976,39.2,0.3162717470531509,161.0,0.0783149087941136
166,Sam Gaviglio,12.469067877295384,52.0,0.23978976687106507,95.2,0.130066772016294,392.0,0.03180884662575353
167,Amir Garrett,12.427571258940954,69.0,0.18010972839044861,56.0,0.22192091533823133,246.0,0.050518582353418516
168,Cal Quantrill,12.406405424785174,23.0,0.5394089315123989,103.0,0.12045053810471042,443.0,0.028005429852788203
169,Yoshihisa Hirano,12.331474347001967,62.0,0.19889474753228978,53.0,0.2326693273019239,233.0,0.052924782605158656
170,Josh Taylor,12.185834194964015,52.0,0.23434296528776952,47.1,0.2569044454314269,195.0,0.06249145741007187
171,Andrew Kittredge,12.185274817619515,37.0,0.3293317518275545,49.2,0.2443571153265945,210.0,0.05802511817914055
172,Kyle Crick,12.17859928854249,52.0,0.23420383247197096,49.0,0.2485428426233161,226.0,0.05388760747142694
173,Rowan Wick,12.06062526177033,31.0,0.3890524277990429,33.1,0.3607365482084844,140.0,0.0861473232983595
174,Archie Bradley,12.043658359952849,66.0,0.1824796721204977,71.2,0.1675833723555591,317.0,0.037992613122879645
175,Sam Dyson,11.99499090664862,61.0,0.19663919519096099,62.1,0.1921247876131653,249.0,0.04817265424356876
176,Jace Fry,11.971683509110425,68.0,0.1760541692516239,55.0,0.21766697289291684,251.0,0.047695950235499704
177,Carlos Martinez,11.954117656581198,48.0,0.24904411784544164,48.1,0.24681591858047897,200.0,0.05977058828290599
178,Matt Wisler,11.93020510083576,44.0,0.27114102501899456,51.1,0.23195473300393568,224.0,0.053259844200159646
179,Sean Newcomb,11.921846472052234,55.0,0.21676084494640427,68.1,0.1742111028551228,293.0,0.040688895809051995
180,Richard Rodriguez,11.843024191066165,72.0,0.1644864470981412,65.1,0.18099374718898883,285.0,0.041554470845846195
181,Josh Tomlin,11.693370122130986,51.0,0.22928176710060758,79.1,0.1472098630566218,320.0,0.03654178163165933
182,Dakota Hudson,11.681707385814223,33.0,0.3539911329034613,174.2,0.0668035115467836,757.0,0.015431581751405842
183,Andrew Chafin,11.627695718194287,77.0,0.1510090353012245,52.2,0.2199438029923257,225.0,0.05167864763641906
184,Justin Anderson,11.592323504345153,54.0,0.2146726574878732,47.0,0.2466451809435139,217.0,0.05342084564214356
185,Collin McHugh,11.54594107683806,35.0,0.32988403076680173,74.2,0.1542200500022893,317.0,0.036422527056271484
186,Mike Fiers,11.474574972178264,33.0,0.347714393096311,184.2,0.0620694643284075,754.0,0.015218269193870376
187,Reyes Moronta,11.44671708449756,55.0,0.20812212880904654,56.2,0.20129045283407193,245.0,0.04672129422243902
188,CC Sabathia,11.409272821553806,23.0,0.4960553400675568,107.1,0.1061986300485927,468.0,0.024378788080243175
189,Matt Bowman,11.215340641065543,27.0,0.4153829867061312,32.0,0.3504793950332982,137.0,0.08186380029974849
190,Darwinzon Hernandez,11.085772923206848,29.0,0.3822680318347189,30.1,0.364264170532536,147.0,0.0754134212463051
191,Justin Shafer,11.053422122271684,34.0,0.3251006506550495,39.2,0.277259752230895,182.0,0.06073308858391035
192,Joe Jimenez,10.946781497542796,66.0,0.1658603257203454,59.2,0.18285269762042528,257.0,0.042594480535185976
193,Chad Green,10.928125422520939,54.0,0.20237269300964703,69.0,0.15837862931189767,296.0,0.03691934264365182
194,Jake Arrieta,10.925714910939643,24.0,0.4552381212891518,135.2,0.08041497726403077,594.0,0.018393459446026335
195,David Hale,10.87239268072127,20.0,0.5436196340360635,37.2,0.2871230461458081,157.0,0.06925090879440299
196,Tyler Mahle,10.81104970319832,25.0,0.4324419881279328,130.1,0.08288563534269094,556.0,0.01944433399855813
197,Matt Strahm,10.774945590784636,46.0,0.23423794762575295,114.2,0.09380393723840368,487.0,0.02212514495027646
198,Nick Ramirez,10.662124484726625,46.0,0.23178531488536142,79.2,0.1334990544832215,348.0,0.03063828874921444
199,Dylan Cease,10.515147546600778,14.0,0.7510819676143413,73.0,0.144043117076723,326.0,0.032255053823928764
200,Ranger Suarez,10.501080894153567,37.0,0.2838129971392856,48.2,0.2148925148871807,205.0,0.051224784849529595
201,Michael Feliz,10.441660126819578,58.0,0.1800286228761996,56.1,0.1850264641491951,239.0,0.043688954505521245
202,Homer Bailey,10.428577084013536,31.0,0.3364057123875334,163.1,0.06380936416895903,696.0,0.014983587764387265
203,Trevor Gott,10.338593081168153,50.0,0.20677186162336306,52.2,0.19555976824403815,214.0,0.04831118262228109
204,Vince Velasquez,10.2785278091833,33.0,0.3114705396722212,117.1,0.08752649284005083,516.0,0.019919627537176937
205,Yonny Chirinos,10.263376496296413,26.0,0.3947452498575543,133.1,0.0769176354956014,530.0,0.019364861313766815
206,Andrew Heaney,10.178532503997946,18.0,0.5654740279998859,95.1,0.1066559466014455,409.0,0.024886387540337278
207,Casey Sadler,10.169188312588458,33.0,0.30815722159358966,46.1,0.21900620917275931,194.0,0.05241849645664154
208,Alex Claudio,10.16878216719159,83.0,0.12251544779748905,62.0,0.16401261559986435,267.0,0.03808532646888236
209,Wander Suero,10.13401287627415,78.0,0.12992324200351474,71.1,0.14186672248633905,296.0,0.03423652998741267
210,Javy Guerra,10.102480459196851,51.0,0.19808785214111474,67.2,0.1488577670805037,287.0,0.035200280345633626
211,Pablo Lopez,10.089590779208613,21.0,0.48045670377183874,111.1,0.09054374016639499,469.0,0.02151298673605248
212,Chaz Roe,10.049271147223505,71.0,0.14153903024258457,51.0,0.1970445322985001,229.0,0.04388328011887994
213,Brad Brach,10.03691868712579,58.0,0.17305032219182395,54.1,0.18438919817132496,242.0,0.041474870607957806
214,Joakim Soria,10.030007700592192,71.0,0.14126771409284777,69.0,0.1453624304433651,278.0,0.036079164390619395
215,Brandon Kintzler,9.995713008541188,62.0,0.16122117755711593,57.0,0.17536338611475769,227.0,0.04403397801119466
216,Domingo German,9.988139448874378,27.0,0.36993109069905106,143.0,0.06984712901310754,594.0,0.016815049577229593
217,Brett Martin,9.933504436417653,51.0,0.194774596792503,62.1,0.15910578381875579,280.0,0.035476801558634474
218,Jalen Beeks,9.933138378171071,33.0,0.3010041932779112,104.1,0.09511463496493208,464.0,0.02140762581502386
219,Tyler Alexander,9.924096928320358,13.0,0.7633920714092584,53.2,0.18423447267921453,235.0,0.04223019969498025
220,Touki Toussaint,9.916804009118874,24.0,0.4132001670466197,41.2,0.23686633779742525,198.0,0.0500848687329236
221,Scott Oberg,9.889484816736497,49.0,0.20182622074972442,56.0,0.17659794315600888,223.0,0.044347465545903575
222,Hector Rondon,9.832668859376342,62.0,0.15859143321574745,60.2,0.16154439528000558,257.0,0.038259411904188106
223,Jose Alvarez,9.81797487893784,67.0,0.14653693849160954,59.0,0.16640635388030237,255.0,0.03850186227034447
224,A.J. Cole,9.766425790975454,25.0,0.39065703163901816,26.0,0.3756317611913636,118.0,0.08276632026250384
225,Paul Fry,9.749541929861579,66.0,0.14772033227062997,57.1,0.16975406726398568,255.0,0.03823349776416305
226,Jeurys Familia,9.710880988844345,66.0,0.14713456043703552,60.0,0.16184801648073907,274.0,0.03544117149213265
227,Dinelson Lamet,9.70193261719086,14.0,0.6929951869422043,73.0,0.1329031865368611,313.0,0.030996589831280702
228,Miles Mikolas,9.679253202457755,32.0,0.30247666257680483,184.0,0.052604636969879104,764.0,0.012669179584368789
229,Matt Albers,9.66038236002371,67.0,0.14418481134363748,59.2,0.1613649614703292,258.0,0.03744334248071206
230,Kevin Gausman,9.420014830088727,31.0,0.30387144613189443,102.1,0.0919623966490927,451.0,0.020886950842768797
231,Kevin McCarthy,9.338589560792169,56.0,0.16676052787128873,60.1,0.15452713007378105,268.0,0.03484548343579168
232,Trevor Williams,9.338346034890774,26.0,0.3591671551881067,145.2,0.06401973972731337,636.0,0.01468293401712386
233,Dylan Floro,9.322390080270877,50.0,0.18644780160541752,46.2,0.19891301735997596,201.0,0.04638005015060138
234,Josh Osich,9.252249973028961,57.0,0.16232017496542037,67.2,0.1363298129621163,272.0,0.03401562490084177
235,Daniel Ponce de Leon,9.25022550691761,13.0,0.7115558082244315,48.2,0.1892952013693917,203.0,0.04556761333456951
236,Tony Gonsolin,9.246307919313967,11.0,0.8405734472103606,40.0,0.2311576979828492,163.0,0.05672581545591391
237,Oliver Drake,9.243732048557707,50.0,0.18487464097115414,56.0,0.16506664372424476,219.0,0.042208822139532906
238,Jimmy Cordero,9.18474729558731,31.0,0.29628217082539715,37.1,0.24536279507357017,146.0,0.06290922805196789
239,Mike Foltynewicz,9.174679556987934,21.0,0.43688950271371113,117.0,0.07841606458964047,491.0,0.01868570174539294
240,Caleb Smith,9.168447546452464,28.0,0.32744455523044513,153.1,0.0597552523123124,646.0,0.014192643260762328
241,Austin Pruitt,9.084928746524398,14.0,0.6489234818945998,47.0,0.19329635630902972,193.0,0.047072169671110865
242,Mychal Givens,9.061317092251041,58.0,0.15622960503881106,63.0,0.14383043003573082,260.0,0.03485121958558093
243,Brandon Brennan,9.036655155342384,43.0,0.21015477105447405,47.1,0.19051275801846204,195.0,0.046341821309448125
244,Richard Bleier,9.029226265837243,53.0,0.17036275973277817,55.1,0.16288441850578309,235.0,0.03842223942909465
245,Steven Brault,9.024253352988751,25.0,0.36097013411955003,113.1,0.0795555687892044,505.0,0.017869808619779704
246,Ryne Stanek,9.021166693489679,63.0,0.1431931221188838,77.0,0.11715800900635946,327.0,0.027587665729326236
247,Austin Adams,8.987549819544954,30.0,0.2995849939848318,32.0,0.2808609318607798,130.0,0.06913499861188427
248,Yusei Kikuchi,8.945863393941337,32.0,0.2795582310606668,161.2,0.055266866107545345,721.0,0.012407577522803519
249,Hunter Wood,8.883820446493342,36.0,0.2467727901803706,45.1,0.1955352996293472,195.0,0.04555805357176073
250,Carlos Rodon,8.790486940043271,7.0,1.2557838485776103,34.2,0.252117216253631,158.0,0.05563599329141311
251,Lucas Sims,8.752290319211093,24.0,0.3646787633004622,43.0,0.20354163533049055,177.0,0.04944796790514742
252,Chris Martin,8.699918142896838,58.0,0.14999858867063515,55.2,0.15572645840507462,216.0,0.040277398809707585
253,Buddy Boshers,8.677867793057562,28.0,0.3099238497520558,20.0,0.4338933896528781,91.0,0.09536118453909409
254,Tyler Chatwood,8.553949922090311,38.0,0.22510394531816608,76.2,0.11128295648859901,324.0,0.026401080006451576
255,Colin Poche,8.518160929660088,51.0,0.16702276332666838,51.2,0.16423189453072143,207.0,0.04115053589207772
256,Antonio Senzatela,8.428263697358217,25.0,0.33713054789432867,124.2,0.06749810756026335,582.0,0.014481552744601747
257,J.B. Wendelken,8.330465486222725,27.0,0.3085357587489898,32.2,0.253462438728886,131.0,0.06359133958948644
258,Carlos Carrasco,8.203794572239017,23.0,0.3566867205321312,80.0,0.10254743215298771,341.0,0.0240580485989414
259,Cory Gearrin,8.181173642547346,66.0,0.12395717640223251,55.1,0.1475858143574386,241.0,0.03394677859978152
260,Mitch Keller,8.1295964902642,11.0,0.7390542263876546,48.0,0.16936659354717085,227.0,0.03581320039763965
261,Adam Cimber,8.090833243193286,68.0,0.11898284181166596,56.2,0.14227725515580217,244.0,0.03315915263603806
262,Dario Agrazal,7.982076623197694,15.0,0.5321384415465129,73.1,0.10869827448748565,321.0,0.02486628231525761
263,Aaron Brooks,7.82504644435721,29.0,0.26982918773645553,110.0,0.07113678585779282,482.0,0.01623453619161247
264,Luke Weaver,7.7523542555231035,12.0,0.6460295212935919,64.1,0.12031589636093802,260.0,0.02981674713662732
265,Tim Mayza,7.580375852663876,68.0,0.1114761154803511,51.1,0.1473825506026677,227.0,0.03339372622318888
266,Heath Hembree,7.575840810405232,45.0,0.16835201800900515,39.2,0.19002945176601746,173.0,0.043790987343382846
267,Randy Dobnak,7.518000569208611,9.0,0.8353333965787345,28.1,0.26440799188306946,118.0,0.06371186923058145
268,Trevor Cahill,7.485791328450648,37.0,0.2023186845527202,102.1,0.07307964199593865,455.0,0.01645228863395747
269,Austin Voth,7.466946958030532,9.0,0.8296607731145036,43.2,0.17021915557820358,174.0,0.04291348826454329
270,Jordan Yamamoto,7.464170673214175,15.0,0.49761137821427837,78.2,0.09464290794438937,325.0,0.022966678994505156
271,Tyler Webb,7.421649380420375,65.0,0.11417922123723653,55.0,0.1349390796440068,221.0,0.033582123893304866
272,Chad Bettis,7.413660077746413,39.0,0.19009384814734392,63.2,0.11608027261607116,287.0,0.025831568215144297
273,J.A. Happ,7.336626075847162,31.0,0.23666535728539234,161.1,0.045446785520424304,678.0,0.010820982412753926
274,Hector Velazquez,7.308461847254085,34.0,0.21495476021335544,56.1,0.12950611660816452,247.0,0.02958891436135257
275,Gio Gonzalez,7.305681927357983,19.0,0.3845095751241044,87.1,0.08355717034721294,366.0,0.01996087958294531
276,Drew Pomeranz,7.256952984926347,46.0,0.15775984749839883,104.0,0.06977839408583025,455.0,0.015949347219618343
277,Ryan Weber,7.255141207544467,18.0,0.4030634004191371,40.2,0.17753200344725442,181.0,0.04008365308035617
278,Steve Cishek,7.115062070074377,70.0,0.10164374385820539,64.0,0.11117284484491215,267.0,0.026648172547095048
279,Joe Smith,7.031211113917098,28.0,0.25111468263989634,25.0,0.2812484445566839,96.0,0.07324178243663644
280,Austin Brice,6.979964491474145,36.0,0.19388790254094845,44.2,0.1555712739555901,199.0,0.035075198449618816
281,Zach Davies,6.974974769973761,31.0,0.22499918612818584,159.2,0.04362995060450644,672.0,0.010379426741032382
282,Jose Cisnero,6.90574218741481,35.0,0.19730691964042313,35.1,0.19489394696372933,162.0,0.04262803819391858
283,Jay Jackson,6.902707477050037,28.0,0.24652526703750133,30.1,0.22681404634337465,132.0,0.05229323846250028
284,Tyler Beede,6.888124127631872,24.0,0.2870051719846613,117.0,0.058872855791725395,523.0,0.013170409421858263
285,Andrew Miller,6.853411039335612,73.0,0.09388234300459741,54.2,0.12491028625763566,236.0,0.029039877285320388
286,Zac Rosscup,6.8310710083104675,28.0,0.24396682172537384,18.0,0.3795039449061371,94.0,0.07267096817351561
287,Ryne Harper,6.793626687693694,61.0,0.111370929306454,54.1,0.12480636903295211,225.0,0.03019389638974975
288,Daniel Mengden,6.783028482593476,13.0,0.5217714217379597,59.2,0.11330225750434535,260.0,0.026088571086897987
289,Kevin Ginkel,6.756622587700919,25.0,0.2702649035080368,24.1,0.2765329844898056,96.0,0.07038148528855125
290,Matt Magill,6.724780241602842,50.0,0.13449560483205683,50.2,0.13220406765929568,229.0,0.029365852583418523
291,Luke Bard,6.604466149507298,32.0,0.20638956717210305,49.0,0.1347850234593326,199.0,0.03318827210807687
292,Tommy Milone,6.518573244547541,23.0,0.2834162280238061,111.2,0.058270916965562046,453.0,0.014389786411804727
293,Juan Minaya,6.475192986495012,22.0,0.2943269539315914,27.2,0.23236338468283538,126.0,0.051390420527738186
294,Aaron Sanchez,6.4381641283608895,27.0,0.23845052327262553,131.1,0.04898425661953505,605.0,0.010641593600596511
295,Jesus Luzardo,6.41951396302909,6.0,1.0699189938381817,12.0,0.5349594969190908,46.0,0.1395546513701976
296,John Gant,6.393143068510014,64.0,0.09989286044546897,66.1,0.0962339649048171,269.0,0.023766331109702655
297,Ryan Helsley,6.312193331508159,24.0,0.2630080554795066,36.2,0.17121681731034782,153.0,0.041256165565412804
298,Devin Williams,6.274655422948904,13.0,0.48266580176530033,13.2,0.4524991891549692,67.0,0.09365157347684933
299,Emmanuel Clase,6.154523999717818,21.0,0.2930725714151342,23.1,0.2626397154929367,94.0,0.06547365957146616
300,Keone Kela,6.1527126420716085,32.0,0.19227227006473777,29.2,0.2060060036407905,119.0,0.05170346758043368
301,Jonathan Loaisiga,6.031800141059258,15.0,0.40212000940395054,31.2,0.18928243120478846,139.0,0.043394245619131355
302,Nick Wittgren,6.030637222355952,55.0,0.10964794949738095,57.2,0.10421608103149683,232.0,0.025994125958430828
303,James Sherfy,6.002432500724672,17.0,0.3530842647485101,18.1,0.32562924958723344,83.0,0.07231846386415268
304,Tyler Rogers,5.9705056256843925,17.0,0.3512062132755525,17.2,0.33417009098979816,71.0,0.08409162853076609
305,Evan Marshall,5.929812229212547,55.0,0.10781476780386448,50.2,0.11657560083641963,209.0,0.028372307316806445
306,Alex Young,5.885999157694757,17.0,0.3462352445702798,83.1,0.07054733309262595,349.0,0.016865327099411912
307,Jacob Webb,5.884349811224998,36.0,0.1634541614229166,32.1,0.1814290794827851,131.0,0.044918700849045784
308,Connor Sadzeck,5.87662019889312,20.0,0.293831009944656,23.2,0.24622710330557768,107.0,0.054921684101804855
309,Brad Boxberger,5.7918646552356075,29.0,0.19971947087019337,26.2,0.21557808890455116,122.0,0.04747430045275088
310,Jordan Hicks,5.789660465473823,29.0,0.19964346432668353,28.2,0.20056560503950888,110.0,0.052633276958852934
311,Raisel Iglesias,5.767058750537859,68.0,0.0848096875079097,67.0,0.08607550373937103,279.0,0.02067046147146186
312,Clay Holmes,5.697758581563416,35.0,0.16279310233038333,50.0,0.11395517163126832,240.0,0.023740660756514233
313,David Phelps,5.661634647650514,41.0,0.13808864994269546,34.1,0.16442307786013108,147.0,0.03851452141258853
314,Jakob Junis,5.655198897926811,31.0,0.18242577090086487,175.1,0.03223560078620641,771.0,0.007334888324159287
315,Andres Munoz,5.638306722161078,22.0,0.2562866691891399,23.0,0.2451437705287425,97.0,0.05812687342434101
316,Fernando Abad,5.63680966735865,21.0,0.2684195079694595,13.0,0.4336007436429731,49.0,0.11503693198691121
317,David Hernandez,5.636795912931386,47.0,0.11993182793471034,42.2,0.13149601663136976,199.0,0.02832560760267028
318,Jefry Rodriguez,5.628127808731301,10.0,0.56281278087313,46.2,0.12008807557748148,203.0,0.02772476753069606
319,Nate Jones,5.616081578518345,13.0,0.4320062752706419,10.1,0.538282579410704,47.0,0.11949109741528392
320,Adam Morgan,5.5906995667786346,40.0,0.13976748916946585,29.2,0.18718860156624895,120.0,0.04658916305648862
321,Jake McGee,5.555657728427661,45.0,0.1234590606317258,41.1,0.13408667083896206,180.0,0.03086476515793145
322,Phil Maton,5.537499098848364,30.0,0.18458330329494546,36.2,0.15020341136116713,163.0,0.033972387109499166
323,Blake Treinen,5.507734764514071,57.0,0.09662692569322931,58.2,0.09356287821937831,266.0,0.02070576979140628
324,Trey Wingenter,5.483293818762321,51.0,0.107515565073771,51.0,0.107515565073771,218.0,0.0251527239392767
325,Jason Adam,5.455870769606024,23.0,0.23721177259156628,21.2,0.2495062851953975,91.0,0.05995462384182444
326,Greg Holland,5.448036557889896,40.0,0.1362009139472474,35.2,0.1518969300526922,152.0,0.03584234577559142
327,Jesse Chavez,5.372435913290659,48.0,0.1119257481935554,78.0,0.06887738350372641,337.0,0.015941946330239345
328,Anthony Swarzak,5.280312973388382,59.0,0.0894968300574302,53.1,0.09882057966416184,234.0,0.022565440057215308
329,Jose Urena,5.277935650106771,24.0,0.21991398542111548,84.2,0.062190914965908534,369.0,0.014303348645275804
330,Sean Reid-Foley,5.263499287661075,9.0,0.5848332541845639,31.2,0.16517257178852748,150.0,0.035089995251073834
331,Gregory Soto,5.253971373946876,33.0,0.15921125375596595,57.2,0.09079443618571788,276.0,0.019036128166474188
332,Taylor Cole,5.136919920324026,38.0,0.13518210316642174,51.2,0.09904087249982052,231.0,0.02223774857283128
333,Robbie Erlin,5.106876558782577,37.0,0.1380236907779075,55.1,0.09212645626186249,251.0,0.02034612174813776
334,Jose Ruiz,5.071935127631567,40.0,0.12679837819078918,40.1,0.12543945080704616,198.0,0.025615833977937208
335,Grant Dayton,5.03258487869755,14.0,0.35947034847839643,12.0,0.41938207322479587,51.0,0.09867813487642256
336,Pedro Strop,5.011941255694224,50.0,0.10023882511388449,41.2,0.11971197266785563,178.0,0.028156973346596767
337,Fernando Rodney,4.972259134733932,55.0,0.09040471154061694,47.2,0.10387727997355008,210.0,0.02367742445111396
338,JT Chargois,4.9359790113394295,21.0,0.23504661958759188,21.1,0.23029451063792042,88.0,0.056090670583402606
339,Joe Biagini,4.890119840495897,63.0,0.07762094984914122,64.2,0.07538725345060478,281.0,0.01740256170994981
340,Daniel Stumpf,4.874196332509738,48.0,0.10154575692728622,29.0,0.16807573560378408,135.0,0.036105158018590655
341,Nick Pivetta,4.850620489540714,30.0,0.16168734965135714,93.2,0.05167564441982294,421.0,0.011521663870643026
342,Chris Archer,4.825042485435548,23.0,0.20978445588850206,119.2,0.04025341339351124,526.0,0.009173084573071384
343,Brian Johnson,4.810478848620087,21.0,0.2290704213628613,40.1,0.1189730960087408,193.0,0.024924760873679206
344,Jameson Taillon,4.79913004684805,7.0,0.6855900066925785,37.1,0.12820472075284192,158.0,0.030374240802835756
345,Brent Suter,4.690102394471353,9.0,0.5211224882745947,18.1,0.2544359346006158,65.0,0.07215542145340544
346,Lewis Thorpe,4.665677426643119,12.0,0.3888064522202599,27.2,0.1674286157886287,124.0,0.03762643086002515
347,Drew Smyly,4.66484911149608,25.0,0.18659396445984322,114.0,0.04091972904821123,514.0,0.0090755819289807
348,Felix Pena,4.587682798756534,22.0,0.20853103630711517,96.1,0.047573620450292446,407.0,0.011271947908492713
349,Sean Manaea,4.550402373817834,5.0,0.9100804747635667,29.2,0.1523572223376507,109.0,0.04174681076897095
350,Tyler Olson,4.535080246082082,39.0,0.11628410887389953,30.2,0.14692484598538064,140.0,0.03239343032915772
351,Justus Sheffield,4.481536523336178,8.0,0.5601920654170223,36.0,0.12448712564822717,168.0,0.02667581263890582
352,Ivan Nova,4.465443763970709,34.0,0.13133658129325615,187.0,0.023879378416955664,806.0,0.005540252808896662
353,Burch Smith,4.382093736541988,17.0,0.2577702197965875,21.1,0.20445227386665565,106.0,0.04134050694850932
354,Brendan McKay,4.373880923329155,13.0,0.33645237871762734,49.0,0.08926287598630929,216.0,0.02024944871911646
355,Tyler Kinley,4.343652489617992,52.0,0.08353177864649984,49.1,0.08786889729503691,221.0,0.01965453615211761
356,Tanner Scott,4.3353608321214825,28.0,0.1548343154329101,26.1,0.1640111285796273,122.0,0.03553574452558592
357,Wei-Chung Wang,4.297420875138777,25.0,0.17189683500555109,31.0,0.13862647984318635,129.0,0.033313340117354866
358,Jose Urquidy,4.212893771498922,9.0,0.46809930794432464,41.0,0.10275350662192492,167.0,0.02522690881137079
359,Sam Tuivailala,4.210393367203632,23.0,0.1830605811827666,23.0,0.1830605811827666,95.0,0.04431993018109086
360,Kelvin Herrera,4.202053315630588,57.0,0.07372023360755417,51.1,0.08169902752360182,235.0,0.017881077938853563
361,Edgar Garcia,4.171257670098375,37.0,0.11273669378644256,39.0,0.1069553248743173,172.0,0.024251498081967294
362,Brian Schlitter,4.142644782932644,6.0,0.6904407971554406,9.2,0.41986264691884917,41.0,0.10104011665689375
363,Justin Dunn,4.1311270692988495,4.0,1.0327817673247124,6.2,0.6016204469852693,30.0,0.13770423564329498
364,Josh Smith,4.1291646837579785,14.0,0.2949403345541413,12.2,0.32091953500709686,64.0,0.06451819818371841
365,Tyler Skaggs,4.108978275361076,15.0,0.27393188502407173,79.2,0.05144797506712532,335.0,0.012265606792122614
366,Aaron Wilkerson,4.049927178164637,8.0,0.5062408972705796,16.0,0.2531204486352898,80.0,0.050624089727057967
367,Duane Underwood Jr.,4.030334085703721,12.0,0.33586117380864344,11.2,0.33963489486267323,51.0,0.07902615854321023
368,Zac Grotz,4.00445558658546,14.0,0.28603254189896143,17.1,0.22970108527258845,73.0,0.05485555598062274
369,Paul Sewald,3.9873901764423287,17.0,0.234552363320137,19.2,0.2007075592168958,80.0,0.04984237720552911
370,DJ Johnson,3.986666103625546,28.0,0.14238093227234092,25.1,0.1567496502080817,116.0,0.03436781123815126
371,Gerardo Reyes,3.9505568858792346,27.0,0.1463169216992309,26.0,0.1519444956107398,117.0,0.03376544346905329
372,Sam Coonrod,3.9453142800192946,33.0,0.11955497818240286,27.2,0.14157826363705606,114.0,0.03460802000016925
373,Cody Stashak,3.9285515562082716,18.0,0.21825286423379286,25.0,0.15714206224833085,104.0,0.0377745341943103
374,Ryan Burr,3.9225067793498054,16.0,0.24515667370936284,19.2,0.19744161641022515,86.0,0.04561054394592797
375,Nathan Eovaldi,3.9220928520808234,23.0,0.1705257761774271,67.2,0.05779115204441291,302.0,0.012987062424108686
376,Mike Dunn,3.9169337788514325,28.0,0.13989049210183688,17.2,0.21923136821929662,75.0,0.0522257837180191
377,A.J. Puk,3.9038044656686828,10.0,0.39038044656686827,11.1,0.34144062381941837,47.0,0.0830596694823124
378,Cody Reed,3.8929523172521083,3.0,1.2976507724173694,6.1,0.6051221218526595,25.0,0.15571809269008433
379,Jose Alvarado,3.810227101668234,35.0,0.10886363147623526,30.0,0.1270075700556078,146.0,0.02609744590183722
380,Jared Hughes,3.68717286884016,72.0,0.05121073428944667,71.1,0.051616979031826805,289.0,0.012758383629204706
381,Luis Severino,3.5505303047369097,3.0,1.18351010157897,12.0,0.2958775253947425,48.0,0.07396938134868562
382,Wade Davis,3.5128179758844666,50.0,0.07025635951768933,42.2,0.08194754220570293,206.0,0.0170525144460411
383,Tony Watson,3.48318009581096,60.0,0.058053001596849334,54.0,0.06450333510761037,231.0,0.01507870171346736
384,Seranthony Dominguez,3.413904102582655,27.0,0.1264408926882465,24.2,0.1372883687365679,110.0,0.0310354918416605
385,Trevor Hildenberger,3.4014109362984173,22.0,0.15460958801356442,16.1,0.2069824099167393,88.0,0.038652397003391105
386,Tanner Rainey,3.389462797186694,52.0,0.06518197686897488,48.1,0.06998202609470118,214.0,0.01583861120180698
387,Richard Lovelady,3.3795164624466842,25.0,0.13518065849786737,20.0,0.16897582312233422,96.0,0.035203296483819625
388,A.J. Minter,3.372194630965502,36.0,0.09367207308237506,29.1,0.11457059901355043,147.0,0.022940099530377563
389,Nick Burdi,3.3568463934280226,11.0,0.30516785394800205,8.2,0.37859169850692,39.0,0.08607298444687238
390,Tony Sipp,3.3555897546153317,36.0,0.09321082651709255,21.0,0.15978998831501579,92.0,0.03647380168060143
391,Luis Garcia,3.3486866319582953,64.0,0.052323228624348364,62.0,0.054011074709004764,278.0,0.012045635366756458
392,Gabriel Ynoa,3.3223966237629456,36.0,0.09228879510452627,110.2,0.029967498109707866,480.0,0.00692165963283947
393,Genesis Cabrera,3.3034296153528353,13.0,0.25410997041175654,20.1,0.1616686598051958,99.0,0.033367975912654904
394,Neil Ramirez,3.254175511721488,22.0,0.14791706871461308,25.0,0.13016702046885953,112.0,0.029055138497513285
395,Shane Greene,3.2490482292073444,65.0,0.049985357372420686,62.2,0.05168157310510091,252.0,0.012893048528600574
396,Jacob Waguespack,3.2258052450859074,16.0,0.2016128278178692,78.0,0.04135647750110138,335.0,0.00962926938831614
397,Shaun Anderson,3.2056722793623034,28.0,0.11448829569151084,96.0,0.03339241957669066,427.0,0.007507429225672842
398,Jerry Blevins,3.1669737699046867,45.0,0.07037719488677081,32.1,0.09764564552635209,141.0,0.022460806878756644
399,Rafael Montero,3.143291299162178,22.0,0.14287687723464446,29.0,0.10838935514352338,113.0,0.02781673716072724
400,Mike Leake,3.091085381080861,32.0,0.09659641815877691,197.0,0.01569078873645107,835.0,0.0037018986599770794
401,Tim Melville,3.0688745055855495,7.0,0.4384106436550785,33.1,0.09179086257982699,143.0,0.021460660878220628
402,Brian Flynn,3.0617563619963217,11.0,0.27834148745421106,29.1,0.10402343245740615,139.0,0.0220270241870239
403,Shawn Kelley,3.036615776493547,50.0,0.06073231552987094,47.1,0.06401860386142404,205.0,0.014812759885334375
404,Brad Wieck,3.0330195845139576,44.0,0.06893226328440813,34.2,0.0869890894220064,148.0,0.020493375571040254
405,Wade LeBlanc,3.0187146997093413,26.0,0.11610441152728236,121.1,0.02485902854550652,532.0,0.005674275751333348
406,Patrick Sandoval,2.9833207082768864,10.0,0.29833207082768864,39.1,0.0756547939546125,169.0,0.01765278525607625
407,Luke Farrell,2.9620985787711884,9.0,0.3291220643079098,13.1,0.22050361628569642,48.0,0.061710387057733095
408,Bryan Abreu,2.9455159904433983,7.0,0.4207879986347712,8.2,0.33220105155376684,32.0,0.0920473747013562
409,Bryan Shaw,2.9399109994695722,70.0,0.041998728563851034,72.0,0.04083209721485517,312.0,0.009422791664966578
410,Dan Altavilla,2.9291830305208184,17.0,0.17230488414828343,14.2,0.1970302486897412,64.0,0.04576848485188779
411,Michel Baez,2.9274796691811487,24.0,0.12197831954921452,29.2,0.09801829249490454,131.0,0.02234717304718434
412,Elvis Luciano,2.9150165827456322,25.0,0.11660066330982528,33.2,0.0860733242936702,159.0,0.01833343762733102
413,Luis Avilan,2.908943237632381,45.0,0.06464318305849735,32.0,0.09090447617601191,141.0,0.02063080310377575
414,Phillips Valdez,2.9065648916601914,11.0,0.2642331719691083,16.0,0.18166030572876196,75.0,0.038754198555469216
415,Dillon Tate,2.8910360008947316,16.0,0.18068975005592072,21.0,0.1376683809949872,93.0,0.031086408611771307
416,Aaron Loup,2.887894433571943,4.0,0.7219736083929857,3.1,0.8411343010403717,14.0,0.20627817382656735
417,Kolby Allard,2.885257869643628,9.0,0.32058420773818086,45.1,0.06350530894299988,208.0,0.013871432065594365
418,Joel Kuhnel,2.8633560885300837,11.0,0.2603050989572803,9.2,0.29020500897264373,42.0,0.06817514496500199
419,Jarlin Garcia,2.862524726610123,53.0,0.05400990050207779,50.2,0.05627506015616229,206.0,0.01389575110004914
420,Tim Collins,2.829967707293614,9.0,0.3144408563659571,8.2,0.31916929029627233,38.0,0.07447283440246352
421,Yefry Ramirez,2.8066949110400103,13.0,0.21589960854153925,24.1,0.11487155161146015,119.0,0.023585671521344626
422,Jake Faria,2.77124387072972,16.0,0.1732027419206075,18.2,0.14688571752984383,95.0,0.02917098811294442
423,Drew VerHagen,2.7426774879405453,22.0,0.12466715854275207,58.0,0.04728754289552664,258.0,0.010630532898994361
424,Stephen Tarpley,2.7423960480299865,21.0,0.13059028800142794,24.2,0.110284023379222,120.0,0.02285330040024989
425,Ryan Tepera,2.699057051796201,23.0,0.11735030659983482,21.2,0.12343248712482628,91.0,0.029659967602156053
426,James Karinchak,2.6922678796887998,5.0,0.53845357593776,5.1,0.49550942570959516,22.0,0.12237581271312727
427,Wei-Yin Chen,2.658422422771982,45.0,0.059076053839377383,68.1,0.03884689365960034,307.0,0.008659356425967369
428,Stefan Crichton,2.646609232136679,28.0,0.09452175829059568,30.1,0.08696415877776599,123.0,0.021517148228753488
429,Mike Morin,2.6440522913503566,52.0,0.05084715944904532,50.2,0.0519800581523661,210.0,0.01259072519690646
430,Peter Lambert,2.6333089802411935,19.0,0.1385952094863786,89.1,0.029444379205082305,420.0,0.006269783286288556
431,Taylor Guerrieri,2.572829251082873,20.0,0.12864146255414366,26.1,0.097332758552946,123.0,0.020917310984413604
432,Hunter Harvey,2.568658746654811,7.0,0.36695124952211583,6.1,0.3992733803090381,26.0,0.09879456717903119
433,Jake Petricka,2.5182914609791456,6.0,0.4197152434965243,8.0,0.3147864326223932,36.0,0.06995254058275405
434,Anthony Kay,2.514868034829362,3.0,0.8382893449431207,14.0,0.17963343105924015,63.0,0.0399185402353867
435,Juan Nicasio,2.5059194174905617,47.0,0.053317434414692805,47.1,0.052830346117158714,217.0,0.011548015748804432
436,Corbin Martin,2.466608557042397,5.0,0.4933217114084794,19.1,0.12692668389583514,92.0,0.026810962576547793
437,Ryan Brasier,2.4648018707448363,62.0,0.03975486888298123,55.2,0.044119365228129516,241.0,0.010227393654542888
438,Jose Rodriguez,2.457157905093324,9.0,0.27301754501036934,19.2,0.12368244488724786,84.0,0.02925187982253957
439,Caleb Ferguson,2.4085623844731017,46.0,0.052360051836371775,44.2,0.05368266830177788,204.0,0.011806678355260303
440,Pedro Avila,2.3950644181269536,1.0,2.3950644181269536,5.1,0.4408094021092554,23.0,0.10413323557073711
441,Junior Fernandez,2.3723590653312847,13.0,0.18248915887163727,11.2,0.19991789876387236,54.0,0.04393257528391268
442,Alex Colome,2.3673961735409836,62.0,0.038183809250661026,61.0,0.038809773336737435,249.0,0.009507615154783067
443,Chasen Bradford,2.3603355907243646,12.0,0.1966946325603637,16.2,0.13994084529986353,69.0,0.03420776218441108
444,Adam Plutko,2.354271853866627,21.0,0.11210818351745842,109.1,0.021513297476697783,462.0,0.005095826523520837
445,Eric Yardley,2.353818367016581,10.0,0.2353818367016581,11.2,0.19835548036656586,52.0,0.04526573782724194
446,Zach Plesac,2.3428742087690684,21.0,0.11156543851281278,115.2,0.02022043333229921,475.0,0.004932366755303302
447,Asher Wojciechowski,2.3414161983291595,17.0,0.1377303646075976,82.1,0.028403754933228793,361.0,0.006485917446895179
448,James Pazos,2.3379905665753196,12.0,0.19483254721460996,10.1,0.22408855270689967,39.0,0.05994847606603383
449,Carson Fulmer,2.3366196429564856,20.0,0.11683098214782428,27.1,0.08517447058164587,133.0,0.017568568744033727
450,Alec Mills,2.304003420005933,9.0,0.2560003800006592,36.0,0.0640000950001648,152.0,0.015157917236881138
451,Jonathan Holder,2.2196142295993533,34.0,0.06528277145880451,41.1,0.05357073764117505,181.0,0.012263062041985377
452,Alex Wilson,2.2093504462477327,13.0,0.16995003432674866,11.1,0.19323764835986001,57.0,0.038760534144697066
453,Dustin May,2.172019667719643,14.0,0.1551442619799745,34.2,0.062295019150658944,141.0,0.01540439480652229
454,Nick Vincent,2.146881295704693,32.0,0.06709004049077166,44.2,0.04785025176162019,194.0,0.01106639843146749
455,Evan Phillips,2.03888026107431,25.0,0.0815552104429724,28.0,0.07281715218122535,140.0,0.014563430436245072
456,John Curtiss,2.00163460084688,1.0,2.00163460084688,2.1,0.8225895619918684,12.0,0.16680288340390667
457,Reggie McClain,1.9897781724261574,14.0,0.1421270123161541,21.0,0.09475134154410274,95.0,0.02094503339395955
458,Corey Kluber,1.980305812424377,7.0,0.28290083034633956,35.2,0.05521298733525213,168.0,0.01178753459776415
459,Mike King,1.9724554964364733,1.0,1.9724554964364733,2.0,0.9862277482182367,9.0,0.2191617218262748
460,Zach Duke,1.9601955067625092,30.0,0.06533985022541697,23.1,0.08364987937820094,106.0,0.018492410441155748
461,Robby Scott,1.9407274058699335,11.0,0.17642976416999395,7.1,0.26108440437712116,37.0,0.052452092050538746
462,Rogelio Armenteros,1.9191387217945082,5.0,0.38382774435890166,18.0,0.10661881787747268,75.0,0.025588516290593444
463,Anthony Bass,1.8909605916069565,44.0,0.04297637708197628,48.0,0.039395012325144925,189.0,0.010005082495274903
464,Matt Moore,1.8422908507575384,2.0,0.9211454253787692,10.0,0.18422908507575383,33.0,0.05582699547750116
465,Chris Flexen,1.8121919480709323,9.0,0.20135466089677026,13.2,0.1306869193320384,70.0,0.02588845640101332
466,Cy Sneed,1.7556340641979142,8.0,0.21945425802473928,21.1,0.0819113871320955,93.0,0.018877785636536713
467,Jose De Leon,1.7419953473471799,3.0,0.5806651157823933,4.0,0.43549883683679497,21.0,0.08295215939748475
468,Jake Newberry,1.7311978412940474,27.0,0.0641184385664462,31.0,0.05584509165464669,137.0,0.012636480593387208
469,Locke St. John,1.701758586896541,7.0,0.24310836955664872,6.2,0.24782892042182636,33.0,0.05156844202716791
470,Jeffrey Springs,1.7003548931748123,25.0,0.0680141957269925,32.1,0.0524261529241977,155.0,0.010970031568869757
471,Tommy Hunter,1.688179261035949,5.0,0.3376358522071898,5.1,0.3107078394544692,18.0,0.09378773672421939
472,Nick Kingham,1.6820734021082224,25.0,0.06728293608432889,55.2,0.030108712448237863,259.0,0.006494491900031747
473,Hoby Milner,1.6758942790936793,4.0,0.4189735697734198,3.2,0.43342093424836525,17.0,0.09858201641727525
474,Brian Moran,1.6658939930147731,10.0,0.16658939930147731,6.1,0.25894725280022385,29.0,0.05744462044878528
475,Keury Mella,1.650487052941389,2.0,0.8252435264706945,3.2,0.426850099898635,18.0,0.09169372516341051
476,Blake Parker,1.6427792742540486,60.0,0.02737965457090081,61.1,0.026740845484330686,255.0,0.006442271663741367
477,Thyago Vieira,1.6314977495262308,6.0,0.27191629158770514,7.0,0.23307110707517584,37.0,0.04409453377097921
478,Blaine Hardy,1.6297073332770156,39.0,0.04178736751992348,44.1,0.036677584394831556,182.0,0.008954435897126458
479,Enderson Franco,1.627328564403184,5.0,0.3254657128806368,5.1,0.2995083247367824,20.0,0.0813664282201592
480,Sam Selman,1.593181766393158,10.0,0.1593181766393158,10.1,0.1527011277693123,44.0,0.03620867650893541
481,Fernando Salas,1.5822909052485752,3.0,0.5274303017495251,2.2,0.5519619436913633,15.0,0.10548606034990501
482,Shawn Armstrong,1.5654772993959944,55.0,0.028463223625381718,58.0,0.026990987920620595,271.0,0.005776669001461234
483,Johnny Cueto,1.55552114350495,4.0,0.3888802858762375,16.0,0.09722007146905938,67.0,0.023216733485148508
484,Fernando Romero,1.5521675950536886,15.0,0.1034778396702459,14.0,0.11086911393240632,72.0,0.021557883264634564
485,Hector Santiago,1.4578472325072864,19.0,0.07672880171090982,33.2,0.04304667025119938,163.0,0.00894384805219194
486,Russell Martin,1.4206151696720228,4.0,0.3551537924180057,4.0,0.3551537924180057,13.0,0.10927808997477098
487,Yoan Lopez,1.4084113964840284,70.0,0.020120162806914692,60.2,0.023139289098861357,246.0,0.0057252495792033675
488,Andrew Cashner,1.39438063683963,42.0,0.03319953897237214,150.0,0.009295870912264201,636.0,0.002192422384967972
489,Javy Guerra,1.358526300812378,8.0,0.16981578760154725,8.2,0.15321725197132088,36.0,0.03773684168923272
490,Tayron Guerrero,1.3394759676720798,52.0,0.025759153224463073,46.0,0.029119042775479994,216.0,0.00620127762811148
491,Yency Almonte,1.3303905242749634,28.0,0.04751394729553441,34.0,0.03912913306691069,157.0,0.008473824995381933
492,Darren O'Day,1.3188572344455671,8.0,0.1648571543056959,5.1,0.24273446032740506,21.0,0.0628027254497889
493,Harrison Musgrave,1.3133432037912622,10.0,0.13133432037912623,10.0,0.13133432037912623,47.0,0.027943472421090687
494,Art Warren,1.2978022634938624,6.0,0.21630037724897708,5.1,0.23885931229948396,21.0,0.06180010778542202
495,James Norwood,1.290887908740857,9.0,0.1434319898600952,9.1,0.13684324120927813,44.0,0.029338361562292203
496,Daniel Zamora,1.2758195302499096,17.0,0.07504820766175939,8.2,0.14388942070487706,41.0,0.031117549518290478
497,Luke Gregerson,1.2751485832060936,6.0,0.21252476386768226,5.2,0.2173548721374023,27.0,0.047227725303929394
498,Zack Littell,1.2378147464039801,29.0,0.042683267117378625,37.0,0.033454452605512976,146.0,0.008478183194547809
499,Taylor Guilbeau,1.2309085818171261,17.0,0.0724063871657133,12.1,0.09900069022657852,51.0,0.024135462388571102
500,Cole Sulser,1.2098747452660044,7.0,0.17283924932371492,7.1,0.16276341864565083,29.0,0.041719818802276015
501,Taylor Clarke,1.206560735221181,23.0,0.05245916240092091,84.2,0.014217133565057119,369.0,0.0032698122905723058
502,Logan Webb,1.189733742829454,8.0,0.14871671785368176,39.2,0.02984281963619031,174.0,0.006837550246146288
503,Jared Walsh,1.1806660057878915,5.0,0.2361332011575783,5.0,0.2361332011575783,23.0,0.05133330459947354
504,Josh Lucas,1.1577077028252416,9.0,0.12863418920280462,15.2,0.07296477118646483,69.0,0.016778372504713646
505,Adam Conley,1.1500200920290895,60.0,0.01916700153381816,60.2,0.018894086944618114,283.0,0.004063675236851906
506,Brusdar Graterol,1.135018827771463,10.0,0.1135018827771463,9.2,0.11503569200386453,40.0,0.028375470694286576
507,Mike Shawaryn,1.1298216717206075,14.0,0.08070154798004339,20.1,0.05529306713151422,103.0,0.010969142443889393
508,Chad Sobotka,1.0717948389436531,32.0,0.03349358871698916,29.0,0.03695844272219494,134.0,0.007998468947340695
509,Sam Howard,1.0620768402816037,20.0,0.05310384201408018,19.0,0.05589878106745282,91.0,0.011671174069028612
510,Matt Shoemaker,1.04507748923006,5.0,0.209015497846012,28.2,0.036203608171942035,108.0,0.009676643418796852
511,Jose Fernandez,1.0153853326655355,4.0,0.2538463331663839,3.2,0.2625996549997074,23.0,0.04414718837676242
512,Jonathan Hernandez,0.9963652045445088,9.0,0.11070724494938987,16.2,0.05907303584255982,78.0,0.012773912878775754
513,Luke Maile,0.9896925193215573,2.0,0.49484625966077866,2.0,0.49484625966077866,8.0,0.12371156491519467
514,Arodys Vizcaino,0.9819581760611189,4.0,0.24548954401527973,4.0,0.24548954401527973,17.0,0.057762245650654055
515,Kyle Freeland,0.9618825977440351,22.0,0.043721936261092505,104.1,0.009210494073514541,472.0,0.002037886859627193
516,Eduardo Jimenez,0.9581551785893484,8.0,0.11976939732366855,10.2,0.0881737894407376,49.0,0.01955418731814997
517,Jandel Gustave,0.9516295947041808,23.0,0.041375199769747,24.1,0.03894800524028024,99.0,0.00961242014852708
518,Dillon Maples,0.9269457382027955,14.0,0.06621040987162825,11.2,0.07811340490472997,54.0,0.017165661818570287
519,JC Ramirez,0.9128032576983149,5.0,0.182560651539663,8.0,0.11410040721228937,34.0,0.026847154638185735
520,Travis Lakins,0.9082489835248765,16.0,0.05676556147030478,23.1,0.03875884709209998,102.0,0.008904401799263495
521,Miguel Diaz,0.9038483984168733,5.0,0.18076967968337465,6.1,0.1404945697021047,29.0,0.031167186152305973
522,Jose Castillo,0.8970000000000005,1.0,0.8970000000000005,0.2,1.0350000000000006,4.0,0.22425000000000012
523,Jose Quijada,0.8774413390534901,34.0,0.02580709820745559,30.1,0.02883158835882223,144.0,0.0060933426323159035
524,Taylor Davis,0.8592195047438662,1.0,0.8592195047438662,1.0,0.8592195047438662,6.0,0.14320325079064436
525,David McKay,0.8506779803624648,25.0,0.034027119214498594,26.1,0.03218201691156865,115.0,0.0073971998292388244
526,Ben Heller,0.8305431686076099,6.0,0.13842386143460164,7.1,0.1117322648351045,28.0,0.029662256021700355
527,Tim Peterson,0.7917102933554345,6.0,0.1319517155592391,7.1,0.10650811121373562,35.0,0.022620294095869558
528,Sandy Baez,0.7802498130904545,1.0,0.7802498130904545,1.0,0.7802498130904545,5.0,0.1560499626180909
529,Rookie Davis,0.7712674802490678,5.0,0.15425349604981356,10.2,0.07097553499224551,51.0,0.015122891769589563
530,Matt Carasiti,0.7389987288639914,11.0,0.06718170262399922,9.2,0.07489851981729645,43.0,0.017186016950325383
531,Joe Ross,0.7288418388307187,27.0,0.02699414217891551,64.0,0.01138815373172998,295.0,0.0024706503011210803
532,Jose Rondon,0.7207227212740677,1.0,0.7207227212740677,1.0,0.7207227212740677,5.0,0.14414454425481354
533,Tyler Lyons,0.7191006576131214,14.0,0.051364332686651526,12.2,0.05588865214609753,54.0,0.013316678844687433
534,Drew Anderson,0.6928777135278601,2.0,0.34643885676393005,6.0,0.11547961892131002,30.0,0.023095923784262003
535,Brooks Pounders,0.6875178317425663,7.0,0.0982168331060809,7.1,0.09249118812680267,34.0,0.020221112698310773
536,Brett Anderson,0.6805971236023234,31.0,0.021954745922655592,176.2,0.0038480802314492476,743.0,0.0009160122794109332
537,Nate Karns,0.6754989956944646,4.0,0.16887474892361615,5.1,0.12432496853272358,25.0,0.027019959827778585
538,Taylor Williams,0.6503414790485109,10.0,0.0650341479048511,14.2,0.04374494253689536,73.0,0.008908787384226177
539,John Schreiber,0.6075450220988161,13.0,0.0467342324691397,13.0,0.0467342324691397,59.0,0.010297373255912137
540,Jeff Brigham,0.5948650232190715,32.0,0.018589531975595985,38.1,0.015477841020444184,161.0,0.003694813808814109
541,Jeremy Walker,0.5487487314600314,6.0,0.09145812191000524,9.1,0.05817124361767119,38.0,0.014440756091053459
542,Hunter Strickland,0.5307745398156192,28.0,0.018956233564843543,24.1,0.021723378164350028,105.0,0.0050549956172916116
543,Joe Harvey,0.5082958382307781,18.0,0.02823865767948767,18.0,0.02823865767948767,84.0,0.006051140931318787
544,Jhoulys Chacin,0.46199072250841217,25.0,0.018479628900336487,103.1,0.004466555486707176,470.0,0.0009829589840604513
545,Adbert Alzolay,0.4496185198893828,4.0,0.1124046299723457,12.1,0.03616234744418629,60.0,0.00749364199815638
546,Chris Stratton,0.44023701776994556,35.0,0.01257820050771273,76.0,0.005792592339078231,344.0,0.001279758772587051
547,Matt Ramsey,0.43703730777440797,1.0,0.43703730777440797,1.0,0.43703730777440797,3.0,0.14567910259146932
548,Taijuan Walker,0.386762387701816,1.0,0.386762387701816,1.0,0.386762387701816,4.0,0.096690596925454
549,Allen Webster,0.37378932452311886,12.0,0.03114911037692657,11.0,0.033980847683919894,52.0,0.007188256240829209
550,Mike Wright,0.3721129395823743,19.0,0.019584891556967066,29.1,0.012642568728732985,147.0,0.002531380541376696
551,Dellin Betances,0.366,1.0,0.366,0.2,0.4223076923076923,2.0,0.183
552,Bryan Holaday,0.36225310154208634,1.0,0.36225310154208634,0.1,0.835968695866353,1.0,0.36225310154208634
553,Carlos Torres,0.34789029973161445,4.0,0.08697257493290361,6.0,0.05798171662193574,29.0,0.011996217232124635
554,Sean Rodriguez,0.3414472150445145,2.0,0.17072360752225724,1.1,0.23821898724035886,4.0,0.08536180376112862
555,Jesus Sucre,0.3392118506442348,1.0,0.3392118506442348,1.0,0.3392118506442348,3.0,0.11307061688141161
556,Ryan Feierabend,0.33541206789464323,2.0,0.16770603394732161,5.2,0.05717251157295054,29.0,0.011565933375677353
557,Aaron Barrett,0.32879348901299216,3.0,0.10959782967099739,2.1,0.13512061192314745,16.0,0.02054959306331201
558,Caleb Joseph,0.31643126077822314,2.0,0.15821563038911157,1.1,0.22076599589178353,4.0,0.07910781519455579
559,Jacob Stallings,0.31494651187615863,1.0,0.31494651187615863,1.0,0.31494651187615863,3.0,0.10498217062538621
560,Kyle Farmer,0.31062413696297153,1.0,0.31062413696297153,1.1,0.21671451416021262,5.0,0.062124827392594305
561,Keynan Middleton,0.3091480706713213,11.0,0.028104370061029206,7.2,0.03929848355991372,33.0,0.009368123353676401
562,Robert Stock,0.30654797466514866,10.0,0.030654797466514866,10.2,0.02820993631887872,56.0,0.005474070976163369
563,Jedd Gyorko,0.305,1.0,0.305,0.1,0.7038461538461538,1.0,0.305
564,Mark Reynolds,0.30268213209381056,1.0,0.30268213209381056,1.0,0.30268213209381056,7.0,0.04324030458483008
565,Mike Brosseau,0.30013898546733775,3.0,0.10004632848911259,4.0,0.07503474636683444,18.0,0.016674388081518762
566,Jaime Schultz,0.291369076209082,4.0,0.0728422690522705,5.0,0.05827381524181639,22.0,0.013244048918594636
567,Kyle Keller,0.2906799651519693,10.0,0.029067996515196932,10.2,0.02674969004465976,46.0,0.006319129677216724
568,Jordan Montgomery,0.2889589341645548,2.0,0.1444794670822774,4.0,0.0722397335411387,19.0,0.0152083649560292
569,Manny Banuelos,0.2881344319077498,16.0,0.018008401994234362,50.2,0.005664503903822078,235.0,0.0012261039655648927
570,Austin Davis,0.2860292252745282,14.0,0.020430658948180584,20.2,0.013707470859801672,98.0,0.002918665564025798
571,Alex Avila,0.28577906092563365,2.0,0.14288953046281683,2.0,0.14288953046281683,8.0,0.03572238261570421
572,Cody Allen,0.28511855116084195,25.0,0.011404742046433679,23.0,0.012396458746123563,116.0,0.002457918544490017
573,Jake Jewell,0.28018133201974194,18.0,0.01556562955665233,26.1,0.010599545978048242,114.0,0.002457730982629315
574,Tony Barnette,0.2752922326606441,2.0,0.13764611633032206,1.1,0.19206434836789119,5.0,0.055058446532128824
575,Devin Smeltzer,0.2696142324318006,11.0,0.024510384766527327,49.0,0.00550233127411838,202.0,0.0013347239229297059
576,Victor Arano,0.26668393476648644,3.0,0.08889464492216215,4.2,0.05479806878763419,16.0,0.016667745922905403
577,Ryan Eades,0.26574329969648813,8.0,0.03321791246206102,11.1,0.023242854200859024,50.0,0.0053148659939297625
578,Joe Mantiply,0.25626595605705715,1.0,0.25626595605705715,3.0,0.08542198535235239,14.0,0.018304711146932655
579,AJ Reed,0.2560590795262033,1.0,0.2560590795262033,1.0,0.2560590795262033,3.0,0.08535302650873444
580,Jose Peraza,0.22651801924355963,2.0,0.11325900962177982,1.1,0.1580358273792276,4.0,0.05662950481088991
581,Ian Desmond,0.2152550347049812,1.0,0.2152550347049812,1.0,0.2152550347049812,4.0,0.0538137586762453
582,Taylor Hearn,0.17917890404252462,1.0,0.17917890404252462,0.1,0.41348977855967217,8.0,0.022397363005315578
583,Jimmy Herget,0.15654847603037203,5.0,0.031309695206074406,6.1,0.024333960004721048,27.0,0.005798091704828594
584,Ben Zobrist,0.14628008830067302,1.0,0.14628008830067302,1.0,0.14628008830067302,5.0,0.029256017660134602
585,Jon Duplantier,0.13943121320157148,15.0,0.009295414213438099,36.2,0.0037820401410914493,163.0,0.0008554062159605612
586,Jeanmar Gomez,0.12889033614861023,16.0,0.00805564600928814,15.1,0.008351425668376473,73.0,0.001765621043131647
587,T.J. McFarland,0.1241033500064864,51.0,0.0024333990197350276,56.0,0.0022161312501158283,250.0,0.0004964134000259455
588,Bryse Wilson,0.11245683609313256,6.0,0.018742806015522095,20.0,0.005622841804656628,93.0,0.001209213291324006
589,Kyle Wright,0.11005798644165735,7.0,0.015722569491665336,19.2,0.005539831532298189,93.0,0.001183419209050079
590,Nick Martini,0.08777946884627458,1.0,0.08777946884627458,1.0,0.08777946884627458,5.0,0.017555893769254916
591,Ronald Bolanos,0.08028691383372782,5.0,0.016057382766745565,19.2,0.00404128760908026,88.0,0.000912351293565089
592,Matt Hall,0.07386708108211115,16.0,0.004616692567631947,23.1,0.00315222252128497,113.0,0.0006536909830275323
593,Xavier Cedeno,0.056724267486852276,5.0,0.011344853497370456,2.0,0.028362133743426138,13.0,0.0043634051912963285
594,Peter Fairbanks,0.05477926691283136,21.0,0.0026085365196586363,21.0,0.0026085365196586363,99.0,0.000553325928412438
595,Andrew Moore,0.05029932852587296,1.0,0.05029932852587296,4.2,0.01033547846422047,20.0,0.002514966426293648
596,Ryan O'Rourke,0.043167157384311594,2.0,0.021583578692155797,1.1,0.030116621430915057,6.0,0.007194526230718599
597,Mike Freeman,0.026319792677532095,1.0,0.026319792677532095,2.0,0.013159896338766047,8.0,0.003289974084691512
598,Kevin Plawecki,0.02117466166821036,2.0,0.01058733083410518,2.0,0.01058733083410518,6.0,0.00352911027803506
599,Chris Mazza,0.015127358783806777,9.0,0.0016808176426451975,16.1,0.0009205289320774911,74.0,0.00020442376734874023
600,Max Stassi,0.008287911592502473,1.0,0.008287911592502473,0.1,0.01912594982885186,1.0,0.008287911592502473
601,JB Shuck,0.003526381165284004,1.0,0.003526381165284004,1.0,0.003526381165284004,5.0,0.0007052762330568008
602,Tom Murphy,-0.00697857730335627,3.0,-0.00232619243445209,3.0,-0.00232619243445209,11.0,-0.0006344161184869336
603,Danny Hultzen,-0.0106948427130516,6.0,-0.0017824737855086,3.1,-0.0031150027319567764,18.0,-0.0005941579285028667
604,Aaron Altherr,-0.04064924302967482,1.0,-0.04064924302967482,1.0,-0.04064924302967482,5.0,-0.008129848605934964
605,Brian Dozier,-0.048051826733800374,1.0,-0.048051826733800374,1.0,-0.048051826733800374,5.0,-0.009610365346760075
606,Daniel Robertson,-0.06093873967714164,1.0,-0.06093873967714164,1.0,-0.06093873967714164,3.0,-0.02031291322571388
607,James Hoyt,-0.07242721952828479,8.0,-0.009053402441035599,8.1,-0.008588207849203732,32.0,-0.0022633506102588997
608,Randy Rosario,-0.0732834830933044,19.0,-0.0038570254259633896,14.1,-0.005077377581522245,63.0,-0.001163229890369911
609,Pablo Sandoval,-0.08138087976792668,1.0,-0.08138087976792668,1.0,-0.08138087976792668,3.0,-0.02712695992264223
610,Adonis Rosa,-0.08568265586818957,1.0,-0.08568265586818957,2.0,-0.042841327934094786,7.0,-0.012240379409741367
611,Mike Ford,-0.08964067089082584,1.0,-0.08964067089082584,2.0,-0.04482033544541292,12.0,-0.007470055907568819
612,Andrew Suarez,-0.09402988283496017,21.0,-0.004477613468331436,32.2,-0.0028609497819967584,148.0,-0.0006353370461821633
613,Danny Duffy,-0.10579584502341272,23.0,-0.004599819348844031,130.2,-0.0008084246945242951,555.0,-0.00019062314418632923
614,Parker Markel,-0.11274055049369858,20.0,-0.0056370275246849285,22.0,-0.005124570476986299,110.0,-0.0010249140953972598
615,Eduardo Nunez,-0.12202414993587798,1.0,-0.12202414993587798,1.0,-0.12202414993587798,4.0,-0.030506037483969496
616,James Marvel,-0.12820320642718339,4.0,-0.032050801606795846,17.1,-0.0073539124145611855,84.0,-0.0015262286479426593
617,Kendrys Morales,-0.13137276875847148,1.0,-0.13137276875847148,1.0,-0.13137276875847148,7.0,-0.018767538394067355
618,Matt Festa,-0.1325703345061544,20.0,-0.00662851672530772,22.1,-0.0059095245693679506,101.0,-0.0013125775693678655
619,Cionel Perez,-0.14696540282862713,5.0,-0.029393080565725427,9.0,-0.016329489203180794,40.0,-0.0036741350707156784
620,Stephen Nogosek,-0.17319532987089664,7.0,-0.024742189981556664,6.2,-0.025222620854984945,34.0,-0.0050939802903204896
621,Charlie Culberson,-0.17500323606472212,2.0,-0.08750161803236106,2.0,-0.08750161803236106,10.0,-0.01750032360647221
622,Chris Ellis,-0.1927819870450125,1.0,-0.1927819870450125,1.0,-0.1927819870450125,5.0,-0.038556397409002505
623,Bryan Garcia,-0.203374209507461,7.0,-0.029053458501065856,6.2,-0.02961760332632927,33.0,-0.006162854833559424
624,Michael Wacha,-0.21063961185885655,29.0,-0.007263434891684709,126.2,-0.0016603227419247756,561.0,-0.0003754716788927924
625,Jake Barrett,-0.2271790126048111,2.0,-0.11358950630240555,3.2,-0.05875319291503734,19.0,-0.011956790137095321
626,David Bednar,-0.23378275047565922,13.0,-0.017983288498127633,11.0,-0.02125297731596902,48.0,-0.0048704739682429
627,Phillip Diehl,-0.23426036840135456,10.0,-0.023426036840135455,7.1,-0.03151484776699838,35.0,-0.006693153382895845
628,Jeremy Jeffress,-0.24544164050517286,48.0,-0.005113367510524435,52.0,-0.004720031548176401,225.0,-0.001090851735578546
629,Jorge Alcala,-0.30257890564368595,2.0,-0.15128945282184297,1.2,-0.1620958423091175,7.0,-0.04322555794909799
630,Dan Otero,-0.31360447453204593,25.0,-0.012544178981281837,29.2,-0.010500149816921182,131.0,-0.0023939272865041673
631,Ty France,-0.320603349426852,2.0,-0.160301674713426,2.0,-0.160301674713426,8.0,-0.0400754186783565
632,Sam Freeman,-0.33956484483211713,1.0,-0.33956484483211713,2.0,-0.16978242241605856,11.0,-0.030869531348374283
633,Wei-Chieh Huang,-0.3639763136875043,4.0,-0.09099407842187608,5.2,-0.062041417105824594,32.0,-0.01137425980273451
634,Stevie Wilkerson,-0.382162069784693,4.0,-0.09554051744617326,5.1,-0.07033657726098647,22.0,-0.0173710031720315
635,Richard Urena,-0.39221789201518936,1.0,-0.39221789201518936,1.0,-0.39221789201518936,8.0,-0.04902723650189867
636,Pedro Payano,-0.40003848063318653,6.0,-0.0666730801055311,22.0,-0.01818356730150848,103.0,-0.00388386874401152
637,Branden Kline,-0.42934983369489765,34.0,-0.012627936285144048,41.0,-0.010471947163290187,183.0,-0.002346173954616927
638,Chasen Shreve,-0.433056435534115,3.0,-0.14435214517803832,2.0,-0.2165282177670575,10.0,-0.0433056435534115
639,Pat Neshek,-0.4449243604577337,20.0,-0.022246218022886684,18.0,-0.02471802002542965,78.0,-0.005704158467406842
640,Felix Hernandez,-0.4486302272188429,15.0,-0.029908681814589524,71.2,-0.0062425356292046775,325.0,-0.0013804006991349012
641,Donnie Hart,-0.47449021783716594,5.0,-0.09489804356743319,7.2,-0.06031655311489397,29.0,-0.016361731649557447
642,Deolis Guerra,-0.4804260484779042,1.0,-0.4804260484779042,0.2,-0.5543377482437356,6.0,-0.0800710080796507
643,Ariel Jurado,-0.4992656789878926,32.0,-0.015602052468371643,122.1,-0.004077857437962641,541.0,-0.0009228570776116314
644,Victor Caratini,-0.5061749787379013,2.0,-0.25308748936895065,2.0,-0.25308748936895065,9.0,-0.05624166430421126
645,Adrian Morejon,-0.5072214849166539,5.0,-0.10144429698333077,8.0,-0.06340268561458173,42.0,-0.012076702021825092
646,Jacob Barnes,-0.5221910515650301,33.0,-0.015823971259546366,32.2,-0.015888165869118554,160.0,-0.003263694072281438
647,J.D. Hammer,-0.5263331723099218,20.0,-0.02631665861549609,19.0,-0.027701745911048518,82.0,-0.00641869722329173
648,Geoff Hartlieb,-0.5539592722235738,29.0,-0.019102043869778405,35.0,-0.015827407777816393,171.0,-0.0032395279077401975
649,Aaron Slegers,-0.5563901795424524,1.0,-0.5563901795424524,3.0,-0.18546339318081748,12.0,-0.04636584829520437
650,Anthony Banda,-0.5617117755057472,3.0,-0.18723725850191575,4.0,-0.1404279438764368,18.0,-0.03120620975031929
651,Sal Romano,-0.5765291988698316,12.0,-0.048044099905819294,16.1,-0.035082912710131725,77.0,-0.007487392193114696
652,Jerad Eickhoff,-0.5818143222902242,12.0,-0.04848452685751869,58.1,-0.009956890854938234,245.0,-0.002374752335878466
653,Dennis Santana,-0.5902470371996389,3.0,-0.19674901239987963,5.0,-0.11804940743992778,27.0,-0.021861001377764405
654,Mike Mayers,-0.5924286752256906,16.0,-0.037026792201605666,19.0,-0.031180456590825825,89.0,-0.006656501968827984
655,Humberto Arteaga,-0.6380115775751327,1.0,-0.6380115775751327,1.2,-0.34179191655810687,8.0,-0.07975144719689159
656,Steven Wright,-0.6581272376238447,6.0,-0.10968787293730746,6.1,-0.10229957061510542,33.0,-0.019943249624964993
657,Jose Osuna,-0.6615103287534183,2.0,-0.33075516437670915,2.1,-0.27185355976167874,9.0,-0.0735011476392687
658,Jacob Rhame,-0.6735560801150742,5.0,-0.13471121602301483,6.1,-0.10469783628731726,30.0,-0.02245186933716914
659,T.J. Zeuch,-0.6912199993497876,5.0,-0.13824399986995753,22.2,-0.030228279854946985,99.0,-0.0069820201954524
660,Conner Menez,-0.6979669061047546,8.0,-0.08724586326309433,17.0,-0.04105687682969145,73.0,-0.00956119049458568
661,Corey Oswalt,-0.7379318142587146,2.0,-0.3689659071293573,6.2,-0.10746579819301667,34.0,-0.021703876889962195
662,Hernan Perez,-0.7459582175943676,3.0,-0.24865273919812256,3.0,-0.24865273919812256,11.0,-0.06781438341766978
663,Yohander Mendez,-0.7536817776705005,3.0,-0.25122725922350014,4.2,-0.15486611869941788,21.0,-0.03588960846050002
664,Cody Anderson,-0.7546502172305327,5.0,-0.15093004344610655,8.2,-0.08511092675532327,46.0,-0.016405439505011582
665,Thomas Pannone,-0.7667172767174586,37.0,-0.020722088559931313,73.0,-0.010502976393389844,325.0,-0.002359130082207565
666,Ricardo Pinto,-0.7831743663603139,2.0,-0.39158718318015695,2.1,-0.32185247932615635,13.0,-0.060244182027716454
667,Chris Davis,-0.8047813501545604,1.0,-0.8047813501545604,1.0,-0.8047813501545604,5.0,-0.1609562700309121
668,Jeff Mathis,-0.8195944012776482,2.0,-0.4097972006388241,2.0,-0.4097972006388241,9.0,-0.09106604458640535
669,Luis Escobar,-0.9061449499579446,4.0,-0.22653623748948615,5.2,-0.15445652556101327,29.0,-0.03124637758475671
670,Justin Miller,-0.9087996105347633,17.0,-0.05345880061969196,15.2,-0.0572772863782414,65.0,-0.013981532469765589
671,Montana DuRapau,-0.9320516652998764,14.0,-0.06657511894999117,17.1,-0.05346376665200053,90.0,-0.010356129614443071
672,Tim Federowicz,-0.9553635586488239,1.0,-0.9553635586488239,1.0,-0.9553635586488239,6.0,-0.15922725977480398
673,Ryan Borucki,-0.9594540087448857,2.0,-0.47972700437244287,6.2,-0.1397263119531387,40.0,-0.023986350218622145
674,Marco Estrada,-0.98316594803183,5.0,-0.196633189606366,23.2,-0.04119410396781411,106.0,-0.009275150453130472
675,Garrett Richards,-1.0048324722672757,3.0,-0.3349441574224252,8.2,-0.1133269705564597,41.0,-0.02450810907968965
676,Daniel Descalso,-1.0156154715581145,1.0,-1.0156154715581145,1.0,-1.0156154715581145,5.0,-0.2031230943116229
677,Tayler Scott,-1.0327351081176663,13.0,-0.07944116216289741,16.1,-0.06284392138647053,93.0,-0.011104678581910391
678,Brady Lail,-1.049639025305352,1.0,-1.049639025305352,2.2,-0.366153148362332,10.0,-0.1049639025305352
679,Edubray Ramos,-1.0529413925152267,20.0,-0.052647069625761336,15.0,-0.07019609283434844,69.0,-0.015260020181380096
680,Ehire Adrianza,-1.0566888354455186,1.0,-1.0566888354455186,1.0,-1.0566888354455186,8.0,-0.13208610443068983
681,Ian Kinsler,-1.062394196227721,1.0,-1.062394196227721,1.0,-1.062394196227721,6.0,-0.17706569937128683
682,Austin Romine,-1.06479910244846,1.0,-1.06479910244846,1.0,-1.06479910244846,7.0,-0.15211415749263715
683,Erik Swanson,-1.0883471822972905,27.0,-0.04030915489989965,58.0,-0.018764606591332597,245.0,-0.004442233397131798
684,Dylan Moore,-1.1046654333815962,1.0,-1.1046654333815962,1.0,-1.1046654333815962,10.0,-0.11046654333815961
685,Jose Suarez,-1.1090591415584792,19.0,-0.058371533766235745,81.0,-0.013692088167388632,375.0,-0.0029574910441559446
686,Erasmo Ramirez,-1.1292853116191663,1.0,-1.1292853116191663,3.0,-0.3764284372063888,15.0,-0.07528568744127775
687,Pedro Araujo,-1.1507989631093842,1.0,-1.1507989631093842,0.2,-1.3278449574339048,4.0,-0.28769974077734606
688,Dillon Peters,-1.1673332295445913,17.0,-0.06866666056144655,72.0,-0.016212961521452657,327.0,-0.0035698263900446215
689,Roman Quinn,-1.1686814008216333,2.0,-0.5843407004108166,3.1,-0.3403926410160097,19.0,-0.06150954741166491
690,Dan Jennings,-1.2240878396693116,8.0,-0.15301097995866395,4.2,-0.2515248985621873,32.0,-0.038252744989665986
691,Tyler White,-1.264083848727119,4.0,-0.3160209621817798,3.1,-0.3681797617651803,22.0,-0.0574583567603236
692,Alex Gordon,-1.2868247427815813,2.0,-0.6434123713907907,2.1,-0.5288320860746224,17.0,-0.07569557310479891
693,Kyle Zimmer,-1.2994097815498675,15.0,-0.08662731876999116,18.1,-0.07049239321247018,102.0,-0.01273931158382223
694,Ian Gibaut,-1.3231794959600143,10.0,-0.13231794959600143,14.1,-0.09167525376166381,64.0,-0.020674679624375223
695,Sean Gilmartin,-1.3289171481041449,1.0,-1.3289171481041449,2.1,-0.5461303348373198,16.0,-0.08305732175650905
696,Chris Rusin,-1.3319588147173815,2.0,-0.6659794073586908,1.0,-1.3319588147173815,9.0,-0.14799542385748685
697,Josh Staumont,-1.3351187643808344,16.0,-0.08344492277380215,19.1,-0.06870250931633794,88.0,-0.015171804140691301
698,Hector Noesi,-1.380377669093559,12.0,-0.11503147242446325,27.2,-0.049535083819146855,124.0,-0.01113207797656096
699,Roenis Elias,-1.382876993647548,48.0,-0.02880993736765725,50.0,-0.02765753987295096,216.0,-0.0064022083039238335
700,Tanner Anderson,-1.3947156870894024,5.0,-0.27894313741788046,22.1,-0.06217157594752163,105.0,-0.013283006543708594
701,James Bourque,-1.4033755198811486,1.0,-1.4033755198811486,0.2,-1.61927944601671,6.0,-0.23389591998019144
702,Gabe Speier,-1.4068852949542683,9.0,-0.15632058832825202,7.1,-0.18926708003869083,33.0,-0.042632887725886914
703,Chris Owings,-1.4093444186588715,1.0,-1.4093444186588715,1.2,-0.7550059385672526,12.0,-0.11744536822157263
704,Jonny Venters,-1.4252679816602338,12.0,-0.11877233180501949,8.0,-0.17815849770752923,49.0,-0.029087101666535383
705,Michael Blazek,-1.4460516597059887,4.0,-0.3615129149264972,5.0,-0.2892103319411977,26.0,-0.05561737152715341
706,Brandon Dixon,-1.4794408674105428,2.0,-0.7397204337052714,2.0,-0.7397204337052714,9.0,-0.16438231860117142
707,Yennsy Diaz,-1.520506949676179,1.0,-1.520506949676179,0.2,-1.7544310957802065,7.0,-0.21721527852516842
708,Pat Venditte,-1.5496102073896163,2.0,-0.7748051036948082,3.1,-0.4513427788513445,19.0,-0.08155843196787455
709,Yacksel Rios,-1.5922266271860572,14.0,-0.11373047337043266,13.0,-0.1224789713220044,65.0,-0.02449579426440088
710,Trevor Kelley,-1.5926145661840312,10.0,-0.15926145661840313,8.1,-0.18884757701786933,40.0,-0.03981536415460078
711,Caleb Frare,-1.6069900253694285,5.0,-0.3213980050738857,2.2,-0.5605779158265446,14.0,-0.11478500181210204
712,Jaime Barria,-1.6122276246763414,19.0,-0.08485408550928113,82.2,-0.019455683322723346,365.0,-0.004417061985414634
713,Hanser Alberto,-1.6252025176399836,1.0,-1.6252025176399836,1.0,-1.6252025176399836,7.0,-0.23217178823428336
714,Danny Salazar,-1.6333344176858082,1.0,-1.6333344176858082,4.0,-0.40833360442145206,17.0,-0.09607849515798872
715,Williams Jerez,-1.739510203960508,12.0,-0.14495918366337565,10.1,-0.1667262176319976,48.0,-0.03623979591584391
716,Shelby Miller,-1.7502561752319408,19.0,-0.09211874606483898,44.0,-0.03977854943708956,220.0,-0.007955709887417912
717,David Carpenter,-1.8040996333482415,4.0,-0.4510249083370604,3.1,-0.5254659126257014,19.0,-0.0949526122814864
718,Bobby Poyner,-1.8455120990942055,13.0,-0.14196246916109273,11.2,-0.1555206825079387,49.0,-0.03766351222641236
719,Alex Reyes,-1.8743227171820236,4.0,-0.4685806792955059,3.0,-0.6247742390606745,17.0,-0.1102542774812955
720,Sean Poppen,-1.8756600631738873,4.0,-0.46891501579347183,8.1,-0.2224102841708167,36.0,-0.05210166842149687
721,Brock Stewart,-1.925289394129743,13.0,-0.1480991841638264,25.2,-0.07443129101017049,124.0,-0.015526527372014057
722,Scott Alexander,-1.9439141499458286,28.0,-0.06942550535520817,17.1,-0.11150559177509528,76.0,-0.025577817762445113
723,Rico Garcia,-1.9543048108689705,2.0,-0.9771524054344852,6.0,-0.32571746847816174,30.0,-0.06514349369563235
724,R.J. Alaniz,-1.9745752198709514,12.0,-0.16454793498924594,15.2,-0.1244480180590936,71.0,-0.02781091858973171
725,Carl Edwards Jr.,-1.9920259787773562,22.0,-0.09054663539897073,17.0,-0.11717799875160918,78.0,-0.025538794599709695
726,Alex Wood,-2.030774388875436,7.0,-0.29011062698220513,35.2,-0.05662010377905488,153.0,-0.013273035221408078
727,Reed Garrett,-2.033400045717421,13.0,-0.15641538813210928,15.1,-0.13175378265987608,77.0,-0.026407792801524946
728,Travis Bergen,-2.063940120444784,21.0,-0.09828286287832305,19.2,-0.10388960337809318,85.0,-0.02428164847582099
729,Jordan Zimmermann,-2.101281946683732,23.0,-0.09136008463842313,112.0,-0.01876144595253332,504.0,-0.004169210211674071
730,Dovydas Neverauskas,-2.1045699028518468,10.0,-0.21045699028518466,9.1,-0.2230992829878283,53.0,-0.03970886609154428
731,Jesse Hahn,-2.1106435021517758,6.0,-0.351773917025296,4.2,-0.4336938703051594,27.0,-0.07817198156117688
732,Tyson Ross,-2.1340976359207215,7.0,-0.30487109084581737,35.1,-0.06022853158760267,162.0,-0.013173442197041491
733,Jeremy Hellickson,-2.152049051915831,9.0,-0.23911656132398124,39.0,-0.05518074492091875,183.0,-0.011759830884785962
734,Ray Black,-2.1535076488488443,17.0,-0.12667692052052026,16.0,-0.13459422805305277,70.0,-0.03076439498355492
735,Austen Williams,-2.1652483132173854,2.0,-1.0826241566086927,0.1,-4.996726876655504,7.0,-0.3093211876024836
736,Nick Rumbelow,-2.1664577178879663,3.0,-0.7221525726293221,1.1,-1.5114821287590456,9.0,-0.24071752420977402
737,Brock Burke,-2.172706770056893,6.0,-0.3621177950094822,26.2,-0.08086997903437569,120.0,-0.01810588975047411
738,Huascar Ynoa,-2.185615872033423,2.0,-1.0928079360167116,3.0,-0.728538624011141,16.0,-0.13660099200208894
739,Walker Lockett,-2.19755858564278,9.0,-0.2441731761825311,22.2,-0.096103145144728,103.0,-0.021335520248959027
740,Ben Lively,-2.2813799835885313,1.0,-2.2813799835885313,1.0,-2.2813799835885313,6.0,-0.3802299972647552
741,Josh Smith,-2.3217368824826146,18.0,-0.12898538236014526,31.0,-0.07489473814460047,139.0,-0.01670314303944327
742,Jordan Romano,-2.348970198617243,17.0,-0.1381747175657202,15.1,-0.15220109278297472,75.0,-0.03131960264822991
743,Luis Ortiz,-2.3682218152499854,1.0,-2.3682218152499854,3.1,-0.6897733442475685,18.0,-0.1315678786249992
744,Gerardo Parra,-2.3769673945135836,1.0,-2.3769673945135836,0.0,-inf,5.0,-0.4753934789027167
745,Adam Warren,-2.525204701803695,25.0,-0.1010081880721478,28.2,-0.08747822292622502,124.0,-0.020364554046803995
746,Ryan Garton,-2.555654613804011,2.0,-1.2778273069020054,3.0,-0.8518848712680036,14.0,-0.18254675812885793
747,Matt Grace,-2.569568771937918,51.0,-0.05038370141054741,46.2,-0.054827214194976895,206.0,-0.012473634815232611
748,Nick Margevicius,-2.578014841863043,17.0,-0.15164793187429665,57.0,-0.04522833055900075,263.0,-0.00980233780176062
749,Merrill Kelly,-2.626804425929792,32.0,-0.082087638310306,183.1,-0.014320213116099175,777.0,-0.003380700676872319
750,Nick Tropeano,-2.684601367016032,3.0,-0.8948671223386774,13.2,-0.1936010601213485,66.0,-0.040675778288121696
751,Chance Adams,-2.7067623571825283,13.0,-0.20821248901404063,25.1,-0.10642578075422782,124.0,-0.021828728686955873
752,Chase De Jong,-2.739527486348572,1.0,-2.739527486348572,1.0,-2.739527486348572,9.0,-0.3043919429276191
753,Robert Dugger,-2.7868076972857034,7.0,-0.39811538532652907,34.1,-0.08093342780113368,156.0,-0.017864151905677587
754,Ryan Buchter,-2.7987599319478536,64.0,-0.04373062393668521,45.1,-0.06160146585358445,198.0,-0.014135151171453806
755,Kyle Bird,-2.818408706376767,12.0,-0.23486739219806393,12.2,-0.21904730878575915,65.0,-0.04336013394425796
756,Drew Gagnon,-2.821200837899753,18.0,-0.1567333798833196,23.2,-0.11820673901814609,117.0,-0.024112827674356862
757,Tyler Bashlor,-2.8420170847075235,24.0,-0.11841737852948014,22.0,-0.1291825947594329,103.0,-0.027592398880655566
758,Jimmy Nelson,-2.8721426411756057,10.0,-0.28721426411756057,22.0,-0.1305519382352548,105.0,-0.027353739439767672
759,Miguel Del Pozo,-2.9391911636474464,17.0,-0.17289359786161448,9.1,-0.3115750350156304,45.0,-0.06531535919216548
760,Jon Edwards,-2.958414634017977,9.0,-0.32871273711310856,8.0,-0.36980182925224714,36.0,-0.08217818427827714
761,Craig Kimbrel,-2.964459952922274,23.0,-0.12888956317053366,20.2,-0.14206677090681827,96.0,-0.03087979117627369
762,Tom Eshelman,-2.997057325276476,10.0,-0.2997057325276476,36.0,-0.083251592368791,164.0,-0.018274739788271193
763,Andrew Vasquez,-3.0,1.0,-3.0,0.0,-inf,3.0,-1.0
764,Joe Palumbo,-3.0150264349834988,7.0,-0.43071806214049985,16.2,-0.17875650800297427,81.0,-0.037222548580043195
765,David Robertson,-3.0639464217253223,7.0,-0.43770663167504603,6.2,-0.44620578957164886,33.0,-0.09284686126440371
766,Gerson Bautista,-3.0878687475412745,8.0,-0.3859835934426593,9.0,-0.3430965275045861,49.0,-0.06301772954165866
767,Joel Payamps,-3.1120635921023294,2.0,-1.5560317960511647,4.0,-0.7780158980255824,17.0,-0.1830625642413135
768,Corbin Burnes,-3.2095211246105073,32.0,-0.10029753514407835,49.0,-0.06550043111450014,235.0,-0.013657536700470244
769,Kohl Stewart,-3.2403080288967123,9.0,-0.36003422543296804,25.1,-0.1274039854087829,109.0,-0.029727596595382683
770,Jesus Tinoco,-3.2576676694533866,24.0,-0.1357361528938911,36.0,-0.0904907685959274,161.0,-0.020233960679834698
771,Chandler Shepherd,-3.2704736870707465,5.0,-0.6540947374141493,19.0,-0.17213019405635507,84.0,-0.03893421056036603
772,Josh Sborz,-3.2872432079247513,7.0,-0.46960617256067877,9.0,-0.3652492453249724,40.0,-0.08218108019811879
773,Josh Rogers,-3.3961981604692086,5.0,-0.6792396320938417,14.1,-0.2353024129655341,69.0,-0.04922026319520592
774,Cole Irvin,-3.436481959317308,16.0,-0.21478012245733175,41.2,-0.08208157546140064,181.0,-0.018986088173023802
775,Edinson Volquez,-3.454034096361764,11.0,-0.3140030996692513,16.0,-0.21587713102261025,75.0,-0.046053787951490184
776,Brady Rodgers,-3.4584668886487573,3.0,-1.1528222962162524,5.0,-0.6916933777297515,25.0,-0.13833867554595028
777,Ryan Dull,-3.5077919051702597,11.0,-0.31889017319729634,12.2,-0.2726263138733363,71.0,-0.04940551979113042
778,Heath Fillmyer,-3.599607422615466,12.0,-0.2999672852179555,22.1,-0.16045798317750956,109.0,-0.03302392130839877
779,Matt Wotherspoon,-3.630541574541025,2.0,-1.8152707872705125,4.2,-0.7460016933988407,26.0,-0.13963621440542404
780,Drew Steckenrider,-3.659846903247326,15.0,-0.24398979354982175,14.1,-0.25356906950905267,58.0,-0.06310080867667804
781,Kyle Barraclough,-3.6629802575699735,43.0,-0.08518558738534822,33.2,-0.10815886587312909,164.0,-0.022335245472987642
782,Clayton Richard,-3.6704054086620364,10.0,-0.36704054086620364,45.1,-0.0807866194129575,201.0,-0.018260723426179286
783,Paul Blackburn,-3.7002601729671984,4.0,-0.9250650432417996,11.0,-0.3363872884515635,57.0,-0.06491684513977541
784,Wes Parsons,-3.7782670095119393,32.0,-0.1180708440472481,34.2,-0.10836329855196762,157.0,-0.024065394965044198
785,Austin Adams,-3.8731409974840365,15.0,-0.2582093998322691,16.2,-0.22963286546348047,80.0,-0.048414262468550455
786,Odrisamer Despaigne,-3.9412725689056503,3.0,-1.31375752296855,13.1,-0.2933949803155571,68.0,-0.05795989071920074
787,Erick Fedde,-3.956797540197249,21.0,-0.18841893048558328,78.0,-0.05072817359227243,334.0,-0.011846699222147452
788,Dan Winkler,-3.9917604646237725,27.0,-0.14784298017125083,21.2,-0.1825500212480384,93.0,-0.042922155533588954
789,John Ryan Murphy,-3.999433949211108,2.0,-1.999716974605554,3.0,-1.333144649737036,22.0,-0.18179245223686855
790,Victor Alcantara,-4.093471951592616,46.0,-0.08898852068679601,42.2,-0.09549312484275152,182.0,-0.02249160412962976
791,Tyler Thornburg,-4.112792080353255,16.0,-0.25704950502207846,18.2,-0.21799251309292877,86.0,-0.04782316372503785
792,Ty Blach,-4.114466329733201,7.0,-0.5877809042476001,27.0,-0.1523876418419704,139.0,-0.029600477192325187
793,Jimmy Yacabonis,-4.124174355670734,29.0,-0.1422129088162322,41.0,-0.10058961843099351,193.0,-0.02136877904492608
794,Eric Skoglund,-4.158052564600365,6.0,-0.6930087607667276,21.0,-0.19800250307620787,101.0,-0.04116883727327094
795,Enyel De Los Santos,-4.191347017658613,5.0,-0.8382694035317225,11.0,-0.3810315470598739,46.0,-0.09111623951431767
796,Wandy Peralta,-4.2407599392452076,47.0,-0.0902289348775576,39.2,-0.10637357707136805,172.0,-0.0246555810421233
797,Dominic Leone,-4.2761407184315985,40.0,-0.10690351796078996,40.2,-0.10463639604645017,180.0,-0.023756337324619993
798,Seunghwan Oh,-4.282692134694675,21.0,-0.20393772069974642,18.1,-0.23233411218958444,88.0,-0.04866695607607585
799,Kyle McGowin,-4.407937117665955,7.0,-0.6297053025237078,16.0,-0.27549606985412217,76.0,-0.05799917260086782
800,Dereck Rodriguez,-4.544357053409095,28.0,-0.16229846619318195,99.0,-0.045902596499081766,439.0,-0.010351610600020716
801,Tyler Anderson,-4.74892183146073,5.0,-0.9497843662921459,20.2,-0.227584113328789,106.0,-0.04480114935340311
802,Nestor Cortes Jr.,-4.889325004093379,33.0,-0.14816136376040542,66.2,-0.07312051352083816,298.0,-0.016407130886219395
803,Trevor Rosenthal,-5.069674972445842,22.0,-0.230439771474811,15.1,-0.32848865912176084,85.0,-0.05964323496995108
804,Ervin Santana,-5.098873870063544,3.0,-1.6996246233545147,13.1,-0.37956877444641773,64.0,-0.07966990421974288
805,Jesse Biddle,-5.16730548931914,30.0,-0.172243516310638,28.0,-0.1845466246185407,152.0,-0.03399543085078381
806,Kyle Dowdy,-5.189469037157779,13.0,-0.39918992593521374,22.1,-0.23132848605458145,110.0,-0.0471769912468889
807,Ryan Carpenter,-5.2189798475115365,9.0,-0.579886649723504,40.2,-0.12770750034693804,197.0,-0.026492283489906277
808,Chi Chi Gonzalez,-5.393851784656445,14.0,-0.3852751274754604,63.0,-0.08561669499454676,278.0,-0.019402344549123905
809,Reymin Guduan,-5.424216916963708,7.0,-0.7748881309948155,6.0,-0.9040361528272847,27.0,-0.2008969228505077
810,Adalberto Mejia,-5.621900432697618,35.0,-0.1606257266485034,31.1,-0.17885155141137699,145.0,-0.03877172712205254
811,Alex McRae,-5.649935589540845,11.0,-0.5136305081400768,26.2,-0.2102953693377486,132.0,-0.0428025423450064
812,Wily Peralta,-5.838210925632604,42.0,-0.13900502203887152,40.1,-0.14439103690764887,176.0,-0.03317165298654889
813,Glenn Sparkman,-5.84441618449948,31.0,-0.18852955433869292,136.1,-0.04283715747251025,606.0,-0.009644251129537096
814,Shane Carle,-5.97125937385618,6.0,-0.9952098956426966,9.1,-0.6329956933416446,49.0,-0.12186243620114652
815,Jeff Hoffman,-6.070773320660874,15.0,-0.4047182213773916,70.0,-0.0867253331522982,315.0,-0.019272296256066267
816,Jorge Lopez,-6.483796697216913,39.0,-0.16625119736453625,123.2,-0.05234496795385021,548.0,-0.011831745797841083
817,Dylan Covey,-6.637916278420888,18.0,-0.36877312657893824,58.2,-0.11276188468438651,279.0,-0.023791814617996013
818,Matt Koch,-6.770027917687608,9.0,-0.7522253241875121,20.2,-0.32444223247704196,96.0,-0.07052112414257926
819,Alex Cobb,-6.936764619368756,3.0,-2.3122548731229187,12.1,-0.5579167254183988,60.0,-0.11561274365614595
820,Matt Harvey,-7.079570913412913,12.0,-0.5899642427844094,59.2,-0.11825563886547179,266.0,-0.026614928245913206
821,Logan Allen,-7.204500817901241,9.0,-0.8005000908779157,27.2,-0.2585347183457384,127.0,-0.056728352896860165
822,Zac Reininger,-7.315105206597786,25.0,-0.2926042082639114,28.0,-0.2612537573784924,140.0,-0.05225075147569847
823,Adrian Sampson,-7.828459920930287,35.0,-0.22367028345515105,125.1,-0.06241132012434458,563.0,-0.013904902168615075
824,Mike Montgomery,-7.834242304810337,33.0,-0.2374012819639496,91.0,-0.08609057477813557,402.0,-0.019488164937339146
825,Clay Buchholz,-7.886397982344548,12.0,-0.6571998318620457,59.0,-0.13366776241261946,254.0,-0.031048810954112393
826,Derek Holland,-8.749407318846735,51.0,-0.17155700625189677,84.1,-0.1036250373333605,376.0,-0.02326970031608174
827,Zack Godley,-10.149775028000754,33.0,-0.3075689402424471,92.0,-0.11032364160870385,407.0,-0.024938022181820035
828,Ross Detwiler,-11.420757192290212,18.0,-0.6344865106827896,69.2,-0.16346503614919194,315.0,-0.03625637203901655
829,Edwin Jackson,-13.453784376708732,18.0,-0.7474324653727074,67.2,-0.19823847313421508,336.0,-0.04004102493068075
830,David Hess,-17.526599389719713,23.0,-0.7620260604225962,80.2,-0.21673453490997172,365.0,-0.048018080519780036
831,Dan Straily,-18.651622521048935,14.0,-1.3322587515034954,47.2,-0.3896578521110501,236.0,-0.07903229881800396
